licenseno,dlname,address,license_plate
DL26096,Jacqueline Dixon,"785 Emma CrossingWest Josephton, ",HR26CK8571
DL38833,Michelle Vance,"67737 Myers Shoal Suite 179
East Kenneth, IL 05576",TN21AT0749
DL49499,Amanda Newman,"506 David Ridges
Jeffreyville, NM 83367",MH20BY3665
DL30423,Edwin Nichols,"341 Charles Flats
East Marioville, NH 03962",KA04MN3622
DL68724,Jessica Garcia,"3460 Massey Ridge
Scottfurt, FL 29324",RJ27TC0530
DL33527,Terry Brooks,"7875 Williamson Estates Suite 798
Port Maria, GA 06429",MH14EU3498
DL43461,Robert Foster,"51938 Jason Islands Suite 807
Cynthiaville, NC 07844",KA05HS4495
DL70430,Tamara Wood,"901 Sawyer Alley
East Cindy, AK 38677",HR51AY9099
DL21540,Jennifer Vaughn,"Unit 2098 Box 2940
DPO AP 97213",GJW-1-15-A-1138
DL75013,Melissa Burnett,"7514 Cruz Street Suite 244
Port Janetmouth, OR 74269",DL3CAY9324
DL28399,Hector Howard PhD,"2274 Tara Center Apt. 982
Lake Anthonyfurt, WI 33002",GJ05JH2501
DL16084,Walter Curtis,"211 White Loaf
South Staceymouth, GU 02038",WB O6F 9209
DL93554,Cheryl Adkins MD,"Unit 4160 Box 6542
DPO AP 58625",HR26U7501
DL32914,John Miller,"439 Linda Ports Apt. 272
New Patricia, GA 05911",MH12DE1433
DL15826,Nicole Clarke,"71979 Terrell Roads
East Williamfort, MP 28156",MH02CB4545
DL39454,Kathryn Stokes,"049 Burke Via
Andersonhaven, NE 86633",TN21AT0480
DL38744,Jason Gregory,"33660 Jordan Drives
Wilsonside, MA 18152",MH14GN9239
DL89062,Eric Horn,"80533 Nichole Station
Tiffanyborough, CT 40593",MH03CB6467
DL56007,Michele Phillips,"8360 Norman Ville
Ritterchester, ID 99450",MH14EH7958
DL30564,Melissa Carney,"873 Marshall Turnpike Apt. 756
Cruzberg, TX 91840",MH20CS1941
DL51551,Ashley Garcia,"44049 Rodriguez Plains Suite 740
Williston, MA 97273",HR26DK0830
DL41628,Carl Chavez,"5440 Weaver Port
Lake Brianna, PR 33278",MH20EE7598
DL99972,Karen Brown,"109 Moore Rue Suite 973
New Courtneyborough, PW 37005",GJ01MW7581
DL34191,Michael Clark,"USS Hansen
FPO AA 81156",UK07BA7252
DL33094,Justin Simmons,"4282 Andrea Highway
New Williamland, MS 79494",TN09CH7770
DL61396,Joel Roberts,"PSC 9231, Box 0772
APO AA 26693",KL01AU585
DL72489,John Gonzales,"USNS Smith
FPO AP 40154",KA18P2987
DL56231,Stephen Harris,"PSC 4842, Box 6487
APO AA 26243",MH12JC2813
DL88992,Anthony Baird,"66662 Robinson Motorway Suite 730
Lake Kristina, VI 50086",MH14DT8831
DL84027,Antonio Wells,"USNS Green
FPO AE 62434",UP50AS4535
DL31248,Jay Lin,"5938 Brown Ramp Apt. 330
Lesliemouth, MA 41671",TN42R2697
DL15670,Jessica Carter,"368 Richard Crossing
Foxstad, MH 87385",HR99BJ6662
DL43658,Melissa Jones,"86560 Christina Prairie
North Amanda, MN 77667",TN21AT0492
DL90948,Craig Jones,"5093 Sean Lodge
Adamfurt, AL 06618",MH03BS7778
DL32327,Kristen White,"0668 Holland Hill Apt. 520
Port Dylan, NE 96668",MH01BU5207
DL97565,Renee Edwards,"5124 Jackie Inlet Suite 144
Barnesland, VT 99871",TN19TC94
DL26370,Debra Bailey DVM,"844 Derek Ridge
Jesseshire, MH 51633",AP02BP2454
DL66770,Kyle Rodgers,"733 Page Groves Suite 199
East Chelsea, MS 13671",KL02AF6363
DL20824,Dr. Lisa Rodriguez,"2770 Gary Street Apt. 896
North Laura, MH 00873",KL55R2473
DL81345,Jack Romero,"644 Huynh Tunnel
South Kimberlyhaven, AR 56715",TN74AH1413
DL69681,Matthew Jones,"952 Sarah Mill Suite 800
Port Mindyfort, TN 92805",KL10AV6342
DL82130,Nancy Anderson,"36264 Barber Bypass
Haneymouth, PA 58564",TN07BU5427
DL60273,Michael Coleman,"9591 Gallagher Locks
Kentfort, TX 71018",HR26CT6702
DL59529,Cameron Mitchell,"19849 Donna Circles
Alanmouth, NM 07111",TN52U1580
DL95610,Brian Kline,"4710 Dustin Estate
Port Ashleyport, MP 06742",HR26BR9044
DL93567,Joshua Thompson,"94794 April Station
Lake Meganmouth, NJ 17208",HR26DA5443
DL76925,Karen Nunez,"6605 David Prairie Apt. 214
Port Julieville, IA 96431",DL10CG4693
DL59296,Jennifer Middleton,"7882 Frank Hills
East Chad, SD 33569",HP896786
DL86612,Patrick Allen,"PSC 6732, Box 7276
APO AA 36701",KL09AL9405
DL65737,Matthew Barr,"3186 Tara Fort
Lake Joyce, OR 47759",TN37CR4019
DL31458,Tina Coleman,"061 Carr Shoals
East Loriberg, OR 04725",DL6CM6683
DL47688,Nathaniel Rodriguez,"2377 Bradley Expressway Apt. 018
North Amanda, MO 78151",HR26TC7303
DL62447,Patricia Jacobs,"814 Nelson Orchard Apt. 752
Floreschester, HI 37082",HR26CT4063
DL32947,Sarah Gonzales,"151 Cole Turnpike
Port David, MH 55528",AP5CG6320
DL12401,Alan Rodriguez,"391 Robert Lane
Lake Blake, MP 20373",HR26CH3604
DL28672,Robert Higgins,"1862 Victor Mission Suite 787
Ryanton, ID 34068",HR26DA0471
DL87165,Thomas Hooper,"6240 Priscilla Mountains
Gutierrezside, NY 81845",MH14EP4660
DL66406,Margaret Santos,"9976 Tyler Turnpike Suite 747
East Courtney, AS 88252",KL16J3636
DL59747,Laurie Tyler,"4060 Mcdonald Throughway Apt. 657
Erikfurt, AZ 61631",PB08CX2959
DL29294,James Gonzalez,"27684 Fuller Pass
East Michaelstad, OH 81611",UP16CT2233
DL99885,Carolyn Wheeler,"298 James Plaza Suite 122
Mandyland, IL 45672",TN21AU7234
DL20826,Donald Flores,"59483 Mary Mission
Kellibury, PA 43823",MH13BN4348
DL33251,Philip Daniels,"PSC 6806, Box 6754
APO AE 95471",DL3CAY2231
DL44216,Vincent Perez,"2084 Andrew Isle Apt. 552
Joanneside, UT 03556",KL01CC50
DL10383,Kelly Camacho,"0664 Harris Well
Davisberg, SC 65299",KL54H369
DL56076,Leah Watts,"00437 Nicole Ports Suite 849
New Kimberlyville, NH 48235",TN43 J 0158
DL40914,Amy Lopez,"30696 Kerri Harbor Suite 035
Bradleyville, PA 44791",MH15TC554
DL66139,Danielle Brown,"6652 Mark Square
North Leahfort, HI 58269",KA29Z999
DL38799,Nathaniel Harris,"054 Michael Shore Apt. 656
Wileyside, OH 18612",AP07AN3915
DL24784,Christine Rodriguez,"2820 Nicole Unions Apt. 439
Lake James, MO 24699",KL60N5344
DL16075,Nancy Jones,"USCGC Rubio
FPO AE 90552",MH20CS1938
DL94178,Terry Rodriguez DVM,"37115 Ashley Crest
Edwardsmouth, KS 23807",KL63C8800
DL30318,Allison Davis,"69122 Kyle Island
Jordanside, HI 97644",HR26DG6167
DL95306,Shannon Montgomery,"125 Curtis Islands
Port Patrickmouth, VI 04695",KA03NA8385
DL86091,Megan Gomez,"Unit 4960 Box 1041
DPO AE 50829",KL65H4383
DL35235,Jesus Chavez,"5797 Melissa Pike Apt. 217
Hillshire, AZ 99462",TN 66 U 8215
DL85264,Cassandra Jones,"PSC 9189, Box 9046
APO AE 07458",KA01MA6989
DL72268,Kelly Johnson,"4458 House Camp Apt. 126
East Jordanbury, TN 93943",MH06AW8929
DL28290,Frederick Scott,"USS Rodriguez
FPO AA 25914",KL38F5008
DL57269,Holly Greer,"170 Lee Stravenue
Flynnshire, NY 53936",TN45BA1065
DL80703,Colin Miller,"3185 Robert Flats Apt. 690
Petersville, PA 84313",MH21V9926
DL28717,Cynthia Johnson,"0886 Williams Lake
Smithville, CT 60360",GJ07BR1336
DL27649,Christina Sparks,"91212 Robinson Shores Apt. 346
East Ashleyborough, AL 81629",DL12CG6648
DL21033,Mary Munoz,"550 Conner Views Suite 614
New Jasonmouth, NV 05658",MH20EU9991
DL78458,Daniel Goodman,"312 Smith Lakes
North Kaitlyn, DE 81156",KL05AK3300
DL71339,John Montes,"24821 Matthew Heights
Christopherchester, PW 48549",MH20TC640B
DL77585,Maria Evans,"670 Jonathan Points Suite 247
New Daniel, PA 67699",KA03MX5058
DL35200,Hayden Wood,"262 Jacqueline Rapids Apt. 349
Lorichester, NH 24576",TN59BE0939
DL96067,Jacob Brown,"PSC 6403, Box 9727
APO AP 68394",KL53E964
DL54065,Samantha Carey,"632 Melissa Locks Suite 007
Martinezmouth, NC 60120",MH02BK9793
DL86790,Frank Hansen,"Unit 9879 Box 6799
DPO AP 28434",DL1N4268
DL41306,Brian Cook,"4271 Cruz Manor
Melissahaven, HI 75356",RJ02CC0784
DL45240,Tammy Brown,"746 Smith Gateway
Harrisonville, OR 01341",MH02BM5048
DL74405,Joanna Hart,"81815 Williams Tunnel
Gregorybury, CT 44642",HR26BP3543
DL56790,Gregory Blevins,"996 Pierce Point Suite 927
Sheafort, WY 65155",TN07BV5200
DL84720,Margaret Griffin,"24712 Jillian Spring Apt. 941
West Christinabury, GU 65820",MH20BY4465
DL63209,Shane Blackwell,"00519 Armstrong Springs
Mistyland, HI 73774",KL06H5834
DL54713,Michael Perkins,"35124 Pugh Lakes
Bryanton, MO 01993",KL01AX8000
DL45436,Amanda Carter,"145 Sanchez Keys
Elizabethbury, TX 18978",MH20EE7597
DL88801,Rebecca Smith,"USCGC Kirby
FPO AE 58168",HR26TC7099
DL75204,Brett Phillips,"12971 Mcdaniel Glens Suite 651
Henryshire, ID 21501",MP09CP9052
DL44490,Adam Parker,"2210 Michael Hollow Suite 913
North Amandaport, MI 27563",MH01AR5274
DL95771,Deanna Diaz,"Unit 6866 Box 7979
DPO AP 19179",MH14TCF459
DL44444,Courtney Rios,"2926 Andrew Squares Apt. 076
Elliottberg, HI 66104",TS09EB1458
DL45478,Ashley Jennings,"8004 David Summit
Josetown, GU 58126",DL7CN5617
DL55211,Brad Key,"PSC 0476, Box 7355
APO AA 29795",MH14TCF300
DL19636,James Hill,"00213 Cruz Squares
Weissstad, MD 69988",TN59AQ1515
DL51367,Richard Robinson,"38539 Spencer Terrace Apt. 385
East Briannashire, PR 76606",WB07D5106
DL56856,Fernando Fletcher,"62727 Austin Lakes
Andreabury, SD 79810",MH14TCD204
DL53862,Tiffany Carter,"51450 Shepard Mission
Reginaport, OR 62925",CG10S0650
DL84400,Emily Meadows,"9244 Jones Ridge
Nunezchester, KY 17803",TN74AL5074
DL41621,Deborah Lee,"7971 Jones Fields
Rogershaven, NY 58705",TN19H3322
DL71773,John Thomas,"2549 Jeffrey Springs Suite 364
Port Joseph, GA 80756",MH20CS9817
DL58765,Alicia Thompson,"1376 Anthony Junction
Lake Amanda, DE 53219",HR11F7575
DL79055,Jim Conrad,"30671 Joseph Dale
West Jennifer, DE 60736",DL12C3536
DL95206,Crystal Herrera,"3228 Thompson Plaza Apt. 474
Campbellport, DC 25296",WB74X7605
DL41750,Jason Noble,"960 Ronald Court Suite 403
Lake Alex, MI 71211",TN38BY4191
DL53265,Holly Roth,"1548 Robert Drive Apt. 222
Morrowview, MT 87321",GJ05JD9759
DL19710,Holly Owens,"32198 Patterson Greens Suite 322
Turnerborough, NH 68013",UP16TC1366
DL41772,Mr. Paul Davis,"1649 Richardson Pass Apt. 145
Port Donnaside, VA 80827",MH14EH5819
DL39890,Kathy Diaz,"7012 David Inlet Apt. 700
Jonathanton, DE 61594",HR26BA8008
DL54063,Joseph Rice,"636 James Parkways Apt. 353
East Adam, NJ 72370",HR99EX6037
DL31025,Miss Nancy Nixon,"25788 James Pine
Smithtown, KY 87283",MH2OTC189B
DL17780,Steven Brown,"PSC 3343, Box 9871
APO AA 75717",TN28BA9999
DL95294,Dana Olson,"PSC 6232, Box 0124
APO AA 69814",TN74F3339
DL84003,Wendy Quinn,"Unit 2268 Box 1813
DPO AE 48629",MH20CS4946
DL13242,Larry Morrow,"78297 Erica Ford Apt. 124
Wolfeborough, ME 95057",MH20DJ0419
DL90228,Raymond Lopez,"693 Anthony Garden Suite 167
West Lorettaburgh, PW 63431",KL43B2344
DL44727,Daniel Wilkins,"85071 Coleman Lodge Suite 408
Lake Samanthaton, VA 86510",KL454455
DL55199,Michael Osborne,"112 Glass Forks Suite 335
Samuelchester, HI 57192",HR26CP3135
DL30477,Alisha Martinez,"89702 Scott Burg
North Sheilaberg, SD 25046",HR26CR3302
DL46781,Linda Scott,"641 Shepard Summit Suite 283
Leachbury, LA 04255",MH02AJ344
DL99876,Michele Williams,"6145 Justin Point
Lydiastad, KS 50704",KL10AW2814
DL56785,Jennifer Martinez,"Unit 3653 Box 8965
DPO AE 30720",KA21M5519
DL26980,Joanna West,"54144 Edward River Suite 537
Jacksonside, AS 33947",MH01AV8666
DL66837,Elizabeth Washington,"392 Wolfe Isle Apt. 686
New Alexanderfurt, ND 69347",HR26CM6005
DL38548,Andrea Fisher,"0094 Mark Key
Gonzalezville, IL 49331",TS08ER1643
DL36541,Brad Fletcher DVM,"6296 Courtney Islands
West Codychester, IA 30272",AP28N3107
DL32624,Nathan Torres,"28380 Marissa Courts
New Wandashire, NM 91064",MH02CT2727
DL40198,Penny Downs,"2704 Jennifer Pine
Aaronberg, AK 90181",MH01AE8017
DL58118,Christine Cooke,"254 Jennifer Viaduct Suite 575
Lake Annborough, IN 49418",TN99F2378
DL85169,Danielle Kelley,"2999 Walter Park
Hodgehaven, MS 12322",HR99HA4575
DL31708,Sara Blanchard,"461 Rachel Crossroad Apt. 376
Longview, ID 34474",KL13AA6340
DL81531,Gregory Perkins,"USNS Morrison
FPO AE 39140",MH14TCF460
DL11311,Rachel Massey,"PSC 7608, Box 3681
APO AE 67759",MH20BN3535
DL12709,Randall Morales,"872 Joshua Course
Lake Evelynfurt, MI 99126",HR26DA2330
DL36233,Ann Dean,"867 Pacheco Branch Apt. 190
East John, WY 24710",KA031351
DL45489,Calvin Clayton,"1701 Peter Pass
Ebonyfurt, VA 65211",KL01CA2555
DL79139,Patricia Smith,"19971 Brown Plains
East Crystal, WV 48575",KL07CB8599
DL28861,Kiara Smith,"5497 Griffin Terrace Apt. 933
Mcconnellstad, FL 94240",KL10AV6633
DL98124,Melanie Hall,"0496 Mary Courts
North Marymouth, GA 20264",KL10AW2111
DL58548,Shaun Watson,"259 Shawn Creek
South Robin, MI 62935",KL12G7531
DL90772,Joseph Myers,"924 David Circle Apt. 612
West Gregoryton, SD 67700",KL20K7561
DL93839,Richard Park,"0613 Jessica Centers
Hayesshire, VT 88216",MH04DW8351
DL78487,Amber Doyle,"927 Tiffany Lodge
West Elizabethbury, TN 72377",MH20BN3525
DL87760,Gabrielle Phillips,"78633 White Canyon
Port Carolynberg, SD 25629",MH20DV2362
DL97382,Nicholas Wilson,"7185 Carter Flats
Lake Janet, OR 08296",MH20EE0943
DL44572,Andrew Maldonado,"2844 Michelle Summit Suite 599
Port Robert, IL 86926",MH46X9996
DL63738,Anthony Cole,"088 Edwards Parkways
Sandersshire, ND 16172",PB08 CX 2959
DL27251,Teresa Barron,"2791 Nicholas Ford Apt. 100
Websterchester, WV 10224",TN38BW1139
DL82601,Dustin Garcia,"1901 Schultz Wall Suite 267
Mannland, TN 96687",TN58AM1
DL71887,James Mcbride,"7573 Stephanie Drive Apt. 361
Lauriefurt, KY 97540",TN66U8215
DL67154,Christopher Robertson,"52489 Rodriguez Burgs Suite 767
Port Steven, VT 26091",UP32FH2653
DL20158,Stephen Scott,"26782 Stephenson Mission
Port Patricia, NJ 19698",KA51AA3469
DL48740,Rebecca Brennan,"4093 Julia Road
Lake James, AS 06281",KL07BF2007
DL28230,Tonya Jenkins,"PSC 3536, Box 7631
APO AA 48684",TN21TC31
DL86615,Brittany Boyd,"10422 Rachel Shores
New Nicole, AZ 50787",MH20EE7601
DL69520,Debra Reynolds,"97170 Eric Knolls
Lake Davidtown, NE 61083",HR26TC5656
DL20340,Mr. Darrell Taylor Jr.,"8049 Sherry Square
Reedmouth, KY 67169",HR26BU0375
DL75254,Stephen Campbell,"24452 Barr Underpass Suite 726
East Jonathanland, MI 12460",MH46Z8892
DL39997,Teresa Chapman,"24656 Diana Ranch
Theodoreberg, CA 96321",KL25B2001
DL91979,Robert Gould,"125 Hardy Mountains Suite 230
New Brandi, AR 88522",KA04ME9869
DL40665,David Hart,"Unit 7360 Box 7559
DPO AP 20248",KL49H5270
DL24143,Denise Hughes,"764 Smith Corners
North Andreview, MO 46871",KL07BF5000
DL35188,Sarah Alvarez,"4921 Bruce Knolls
South Kristintown, WV 16968",GJ17TC214
DL12163,Steven Harrison,"6950 Lopez Keys Apt. 141
Johnville, UT 54647",HR26DK6475
DL29008,Catherine Rangel,"389 Dennis Lodge Suite 402
Port Chad, AS 42534",KA01D1330
DL24625,Kathryn Bowen,"652 Michael Summit Suite 396
Harringtonshire, NV 73784",HPSX4000
DL41079,William Bennett,"83215 Kaiser Shoals Apt. 174
Bowmanmouth, OR 80361",KA51MJ2143
DL90963,Patrick Henry,"50945 Larson Route
North Kevinberg, OK 13353",TN66T5836
DL62655,Stacy Fisher,"Unit 6055 Box 4100
DPO AP 41162",KL7BZ99
DL67840,Kelly Stanley,"Unit 9346 Box 5796
DPO AE 18153",UP16AB3726
DL35781,Carolyn Clark,"559 Chang Crest
Hillview, LA 82631",MH14DT8832
DL83519,Julie Harris,"61043 Brian Turnpike
Newmanshire, FL 23481",MH14DT8833
DL98717,Mallory Brooks,"1624 Edgar Grove
South Connorbury, MT 70227",MH14DT8834
DL66391,Gabrielle Harding,"741 Kayla Valley
Alisonfurt, ME 32796",MH14DT8836
DL73363,Andrew Brown,"786 Richard Well Suite 958
South Kaitlin, WY 62941",MH14DT8835
DL88009,Brooke Beasley,"9630 Dana Trace Suite 958
Scottchester, NJ 80182",MH14DT8837
DL52920,Evan Tyler,"00596 Taylor Inlet
Josephstad, HI 35531",MH14DT8838
DL21972,Trevor Alvarado,"688 Campos Summit
West Carlyshire, AL 98313",MH14DT8839
DL63333,Kayla Jones,"29391 Jon Plaza
North Cathy, VA 66511",MH14DT8840
DL88137,Thomas Harrison,"7002 Scott Groves Suite 542
Port Alexander, AL 92479",MH14DT8841
DL74710,Rebecca Mcdaniel,"3954 Joshua Creek Suite 921
Wigginsfurt, CT 37819",MH88DT8842
DL56492,Russell Levy,"822 Melissa Stream Apt. 423
Bartonburgh, MA 92684",MH88DT8843
DL35085,David Kelly,"147 Lindsey Loaf Apt. 337
Lake Rebeccachester, DC 01146",AN01P9687
DL95555,Gloria Flowers,"34154 Mcknight Tunnel
West Frankhaven, SC 47063",AN01L6155
DL62493,Angela Alvarez,"USNS Marquez
FPO AP 61252",AN01H1689
DL81336,Mark Patterson,"Unit 1193 Box 9366
DPO AE 80950",AN01H0908
DL38758,Mark Savage DVM,"65767 Angela Junction
Diazshire, WV 43368",AN01K9412
DL99419,Heather Matthews,"76214 Jenkins Lane
Brandimouth, IN 62462",AP05BY7799
DL71067,Rick Larsen,"219 Landry Stream
Barbarashire, FM 04076",AP39HZ0087
DL21155,William Everett,"1326 Ryan Vista
West Tiffany, MD 09876",AP39TP0211
DL29013,Mary Stark,"6374 David Curve Apt. 944
Edwardview, NM 75604",AP31TY7236
DL63260,Holly Skinner,"360 Gregory Pike Apt. 351
Jeffersonfort, NE 52766",AP31BL8656
DL42908,Kimberly Martinez,"89181 Henson Underpass
Schaeferstad, MO 92099",AP16DP7065
DL41408,Mrs. Denise Copeland PhD,"86696 Stewart Spring
Deborahville, NY 44565",AP39E1493
DL28174,Rodney Richards,"94205 Kayla Parks Apt. 631
South Charlesland, PW 65674",AP39JJ5441
DL81338,Carol Butler,"401 Frank Mountains Apt. 779
Port Randallmouth, DC 00909",AP10AS3445
DL60097,Vincent Underwood,"7081 Ryan Villages Suite 972
Kellymouth, TX 38749",AP28AT5333
DL24951,Matthew King,"6287 Debra Forges Apt. 891
Theodorechester, MO 42070",AP39GR9492
DL71347,Mary Garcia,"USNV Lewis
FPO AA 04372",AP31TR2262
DL36206,Brian Payne,"962 Williams Inlet Suite 157
Mannington, AL 42743",AP16BS4500
DL45645,William Miranda,"83963 Sullivan Mill Suite 862
South Stephanie, FM 51008",AP04M7627
DL15231,Jamie Mahoney,"37009 Myers Corner
West Jane, NE 64330",AP04AS8753
DL35158,Sherri Fleming,"649 Lisa Viaduct
Richardfort, AK 29120",AP31AT5064
DL96112,Amanda White,"1610 Matthews Ports Apt. 735
Haleton, IN 37207",AP16CH9545
DL35256,Jennifer Garcia,"9488 Adams Cliff
Mitchellstad, AR 11639",AP39DL3537
DL86872,Karen Lopez,"36456 Marcus Greens
Greenville, RI 00607",AP07AD5555
DL92866,John Huffman,"2800 Karen Light
Darrylburgh, IA 94105",AP26AM1260
DL71274,Timothy Lewis,"PSC 5892, Box 6950
APO AA 69133",AP31BR9501
DL84158,Jackson Massey,"124 Toni Loop
New Adamville, DE 65049",AP31EF1155
DL98154,Deborah Sandoval,"9181 Gerald Extension Apt. 565
East Deniseburgh, AL 32321",AP31DT9378
DL16633,Barbara Sanchez,"Unit 5957 Box 8103
DPO AE 01628",AP31DA0020
DL59952,Karen Yates,"17981 Richards Summit Suite 735
Port Randyborough, NH 85780",AP37EJ2277
DL10659,Kelly Hunt,"5261 Wagner Fields
Port Amanda, MS 08451",AP05DY3395
DL46244,Tiffany Cook,"9817 Stephen Gateway
Joshuachester, VI 86456",AP04BA4464
DL87515,Nicole Wilson,"436 Newton Avenue
North Amandafurt, PW 45305",AP31TV6847
DL70330,Bradley Colon,"577 Daniel Cliff Suite 516
North Stephanie, VT 67869",AP31BG7827
DL92871,Dana Park,"10833 Charles Prairie
Jenniferfort, MN 68000",AP31BL4935
DL34860,Brandy Browning,"5011 Taylor Spur Apt. 525
Kington, FL 73386",AP31BL2833
DL84097,Jeremy Kim,"966 Alyssa Loop Suite 460
New Timothy, LA 16947",AP31CS2511
DL40115,David Mueller,"73600 Lynn Center Apt. 133
Annfurt, PW 68474",AR048395
DL46922,Alexandria Hansen,"9945 Daniel Junction Apt. 554
Port Aaron, NV 38107",AR01F2523
DL47297,Alyssa Boyd,"8354 Raymond Stravenue
West John, MO 72267",AR01C5723
DL37318,Michael Perry,"9028 Deborah Pike
Gomezborough, MP 03487",AR168272
DL73187,Shannon Harris,"9353 Young Well
Josephtown, VT 74728",AR02A7116
DL61288,Alexis Adams,"824 Conway Rue
Tamaramouth, MP 76423",AR01E1034
DL13272,Casey Knight,"89592 Rebecca Flats Apt. 786
South Vanessa, NH 43889",AR152019
DL14740,Michelle Allen,"0942 Scott Gateway Apt. 435
Paynetown, LA 09473",AR01J0123
DL99089,Dana Gonzalez,"6668 Jonathan Locks
East Mark, NJ 24494",AR200692
DL54790,Laura Mack,"83002 Blake Springs
Shellyburgh, ID 88538",AS23H2866
DL88649,David Allen,"4976 Miller Road
South Nicolaston, GA 39651",AS07AC6653
DL37830,Michael Stone,"739 Ronald Drive Apt. 701
Gibbsburgh, HI 44769",AS23E0596
DL98601,Cody Gibson,"9986 George Point Suite 166
Timothyport, AK 20212",AS23H0770
DL54272,Steven Harris,"1669 Schneider Court
South Tiffanymouth, KS 19136",AS12S6951
DL98547,David Meyer,"7840 Brock Plains Suite 429
Jenniferville, SD 84180",AS06Q4437
DL37254,Ronnie Reeves,"2583 Randy Pine
Thomasport, MT 14811",AS01AM1419
DL50700,Donna Owen,"0082 Kristin Turnpike
Jonathanchester, NV 41895",AS04X2780
DL86777,Jessica Herrera,"229 Lisa Views
Spencerhaven, NH 51688",AS01DG6002
DL47878,Rhonda Duran,"1726 Oscar Crossroad
Williamsburgh, ID 49992",AS01BP2415
DL99739,James Carter,"29436 Cabrera Ridges
Tanyatown, ID 73031",AS01AL3746
DL85693,Dr. Julie Lee MD,"9173 Bailey Canyon
West Christopherville, TX 84038",AS01AR1986
DL36669,Jordan Bernard,"609 Underwood Islands Suite 853
Port Jonathanborough, TX 67857",AS06U1295
DL53385,Robert Villa,"USS Watkins
FPO AE 41302",AS23X5585
DL23590,Joann Taylor,"6151 Myers Ranch
South Kayla, IA 72387",AS01AN8668
DL79563,Bethany Johnson MD,"87321 Lewis Meadows Suite 076
Lake Matthewfort, DC 25588",AS19D9919
DL45490,Jennifer Williamson,"380 Debbie Prairie Apt. 789
North Roberthaven, LA 64044",AS23G2612
DL63033,Megan Porter,"51029 Morgan Plaza
East Mollyborough, GA 33728",AS01BS4362
DL95055,Michele Phillips,"750 Susan Islands Suite 009
Jasonfort, SC 61865",AS06Z0841
DL22903,Mr. Patrick Arias,"59487 Hernandez Stream Apt. 416
South Matthew, VA 06039",BR06U2470
DL89387,John Young,"849 Nicholas Landing
South Codyview, RI 65171",BR01BE0777
DL10827,Heather Wilson,"942 Jessica Row
Martinezborough, LA 60997",BR7P3952
DL79753,Gary Norris,"9835 Deleon Plain
Port Toddtown, FL 04890",BR01DG6692
DL22401,Dr. Carly Gonzalez,"3320 Benjamin Field Apt. 718
Catherineside, PR 22647",BR01AM1250
DL84872,Timothy Bowers,"4962 Bell Island Apt. 505
East Richard, PR 61360",BR32PA6558
DL19002,Courtney Medina,"95035 Mills River
Delgadoport, IA 92147",BR02AF7424
DL16918,Christopher Walker,"0372 Brian Manor Suite 818
New Joan, FL 18712",BR01PL7594
DL47434,Danielle Oneal,"2357 Sparks Row Suite 424
Wattsmouth, PW 08584",BR01BR5435
DL59892,Denise Young,"150 Larson Crossing
Arthurton, AR 18742",BR01BD5042
DL17295,Lisa Carroll,"76941 Jackson Parkways
Lake Melindamouth, NE 61477",CG04HD6930
DL98279,Michelle Heath,"719 Larry Land
South Justin, WA 30797",CG04HV7009
DL22739,Brian Martin,"80668 Adams Lake
Port Dianestad, DE 81789",CG22AB1111
DL13631,Molly Collier,"68888 James Field Apt. 370
Mendozaborough, MO 16734",CG04H5060
DL67928,Grace Gibson,"936 Rocha Roads
Leeshire, AL 68794",CG04HC4887
DL26984,Sean Pugh,"93846 Goodwin Tunnel
Hawkinsville, NV 26473",CG22H7740
DL36728,Jose Ray,"57375 Brandon Circles Apt. 009
South Holly, NM 26588",CG12AG1130
DL77771,Joseph Simpson,"59348 Dean Junction Suite 874
Thomasside, DE 06694",CG16B1802
DL50561,Gerald Mccoy,"9702 Brown Falls Suite 805
New Erichaven, MO 39470",CG09JA2359
DL54147,Colton Bradley,"79920 David Mountain Apt. 708
East Savannahland, PR 82201",CG07BR3255
DL97166,Robin Gardner,"PSC 4022, Box 3822
APO AE 18351",CG07MA2529
DL55258,Anthony Anderson,"65545 Lee Views Apt. 751
Williamsside, DC 96965",CG07CA7784
DL37986,Vincent Davis,"3161 Amy Dam
West Sarah, DC 77023",CG07MA7848
DL69314,Latoya Burton,"09426 Hess Plain Apt. 582
Paulstad, MS 74877",CG251612
DL97127,Jennifer Mcdaniel,"97042 Heather Harbor Suite 404
Hansenfort, GA 59321",CG13AE4060
DL48529,Steve Sanchez,"81581 Judy Isle
Soniabury, MA 26322",CH01BL3528
DL45059,Katelyn Greene,"51727 Natalie Lodge
New Patrickville, IN 44865",CH03K7672
DL35739,Gina Williams,"9981 Timothy Inlet
Georgehaven, NY 75141",CH01AX9090
DL63011,Andrew Walker,"082 Williams Parks
Briggshaven, IA 62363",CH01AP4538
DL53982,Anthony Jackson,"9530 Yvette Manor Apt. 258
Stephanieton, MI 79812",CH01AZ2642
DL79449,Erica Reed,"44174 Andrea Common Suite 633
New Edgarberg, TN 75849",CH01AL4920
DL57913,Kevin Ellison,"506 Jesus Viaduct Apt. 212
New Tamara, NJ 86206",CH01AD9331
DL67867,Jacqueline Heath,"76344 Jones Roads Apt. 609
Mcdanielbury, WI 22382",CH01AF1382
DL86541,Ruth Hammond,"292 Michael Corner
East Cheryl, WI 91005",CH01AB4559
DL98233,William Hayes,"USNV Johnson
FPO AP 33225",DL6CJ8404
DL68901,David Cunningham,"608 Michael Viaduct Suite 460
Wendyport, FL 27301",DL6CR7002
DL35604,Nicole Manning,"12482 Gonzales Trafficway
Anthonychester, DE 19824",DL8CAU6883
DL77205,Chris Johnson Jr.,"57589 Preston Forest Suite 147
Vangchester, ND 07327",DL9CAU5573
DL27514,Kimberly Williams,"02612 Tracy Causeway Apt. 677
East Danielland, VA 08270",DL12CN8660
DL60153,Barbara Thomas,"02023 White Stream Suite 800
East Jennifer, OH 41521",DL4CAM9066
DL23069,Linda Hernandez,"286 William Harbors Suite 509
Lake Katherinemouth, MD 15172",DL12CK8643
DL73891,Joseph Mcgee,"17880 Jonathan Views
South Erikaborough, GU 01700",DL10CH1252
DL17251,Brett Evans,"8037 Peck Gardens Suite 392
West Petermouth, AZ 24239",DL9AE1359
DL13640,Katherine Rivera,"18859 Maria Extensions
Jenniferbury, SC 36786",DL9CAP8884
DL10102,Julie Moody,"3963 Gray Mountains
Youngstad, GU 30341",DL5CH7599
DL22341,Patricia Boyer,"Unit 9452 Box 9938
DPO AP 90436",DL12CJ9823
DL37838,Kevin Evans,"009 Wilson Land Apt. 224
Whitakerberg, NH 52414",DL9CAU4743
DL34573,Michael Rowe,"10432 Christopher Landing Suite 689
Donchester, IL 28778",DL8CZ7230
DL97974,James Little,"90246 Jack Mews
South Patricia, RI 37752",DL9CAY1739
DL24210,Taylor Jones,"3023 Coffey Row
Blackburnville, WI 26915",DL1CS8739
DL56654,Joseph Snyder,"61939 Baker Wall Apt. 770
Westhaven, NH 55783",DL1CT2782
DL12388,Cody Stewart,"885 Jones Rue
New Katherineton, PR 44606",DL12CL2555
DL12619,Marco Williams,"5990 Anna Drive Apt. 934
Schroederfort, GA 90277",DL12CS7886
DL98049,Joe Serrano,"4743 Cody Trace
Charlesside, VT 83930",DL2CAX2886
DL81509,Anthony Mclaughlin,"USNS Rodriguez
FPO AA 68879",DL11CA4900
DL58743,Kristin Garcia,"84645 Copeland Walks
West Vanessabury, OR 85174",DL10CA0986
DL52098,Michael Jones,"73744 Thomas Groves Suite 895
Michaelburgh, LA 29625",DL8CAL4134
DL89045,George Berry DDS,"PSC 0764, Box 3750
APO AE 27289",DL2CAR0108
DL55216,Cheryl Rodriguez,"062 Joel Ranch
Adamsbury, AR 03712",DL4CNA7231
DL15351,Dr. Sandra Wood,"06543 Jones Garden
North Dakota, HI 11487",DL3CBS5881
DL53218,Anne Young,"0792 Kimberly Branch Apt. 414
Johnhaven, DC 36811",DL4CA03231
DL15014,Tony Cox PhD,"6175 Davis Common
Kimberlyland, CO 34115",DL6CL0457
DL63347,Mrs. Kelly Campbell,"873 Thomas Ports Apt. 119
Murphychester, PW 12315",DN09H2191
DL38763,Andrea Moore,"066 Adams Road
West Seth, AZ 55395",DN09J1548
DL69495,William Ware,"00459 Gardner Well Apt. 856
Port Anthonymouth, CT 59867",DN09H0968
DL57879,Veronica Norman,"2435 Nicolas Street Apt. 193
Jonesburgh, MO 03542",DN09J0032
DL30303,Emily Trevino,"889 Vanessa Forges Apt. 343
Port Karenview, GA 84172",DN09D2724
DL91304,Timothy Henderson,"95761 Hill Junction Suite 875
South Dawnhaven, AR 79809",DN09D1438
DL36551,Kenneth Hartman,"77018 Alec Mountain Suite 238
Port Steven, HI 65148",DN09C0868
DL59032,Pamela Doyle,"0321 Delgado Place Apt. 908
Lake Bryan, MA 38928",GA03R9230
DL73869,Amanda Fisher,"111 Brandon Manors
Port Diane, WV 38576",GA08M0184
DL72217,Melissa Wright,"0731 Lee Lodge
New Stacytown, PA 37261",GA01C2098
DL62213,Brenda Hall,"8872 Banks Isle
Jordanberg, NV 14428",GA01E5947
DL75881,Casey Johnston,"4747 Taylor Views Suite 854
South Sarahview, OH 55884",GA02J2129
DL50512,Robyn Payne,"7921 Miller Groves
East Adamstad, MH 43433",GA07K7150
DL87368,Charles Barrett,"00662 Phyllis Canyon Suite 541
Bethanyside, RI 94468",GA05B5077
DL94043,Karen Lopez,"2364 Stevens Crest Suite 233
Jonesshire, LA 16455",GA06E3855
DL83198,Elizabeth Rodriguez,"279 Sean Cove Suite 890
Albertborough, OK 09699",GA01R6315
DL14579,Shannon Adams,"54500 Cynthia Squares
East Lisaside, NM 04367",GA03Y9512
DL94483,John Watson,"Unit 6198 Box 0177
DPO AA 74713",GA07K6090
DL63621,Alyssa Lin,"66405 Bartlett Vista
North John, VA 96053",GJ7AG4373
DL89484,Cheryl Schultz,"66016 Gregory Pine
Millerberg, AK 68048",GJ15CB3980
DL30842,Pamela Li,"23534 Andrew Park
South Jose, LA 99037",GJ06JE4788
DL46565,Jenny Gonzales,"1381 Cantu Locks Apt. 059
Beasleyhaven, IN 84655",GJ15CG7928
DL39442,Chad Lynch,"47658 Heather Spur Apt. 920
Lake Andrew, NY 78005",GJ06FK2977
DL10935,Hannah Barry,"244 King Lane
Port Kathrynshire, ND 92746",GJ34B9811
DL95307,Nicole Torres,"36596 Grace Glen
Stephaniefort, NC 33802",GJ16CH9827
DL73478,Nancy King,"923 Williams Crest
Keithfurt, AL 39732",GJ05RE8119
DL23353,Stephanie Hooper,"1836 Paul Mews
Lake Leahton, OH 58920",GJ06HS1855
DL27276,Kathryn Barber,"9313 Anthony Parks
Davidfurt, PW 20028",GJ06PA0097
DL99643,Jordan Levy,"11824 Green Tunnel Apt. 022
Smithshire, NY 63169",GJ06KP8508
DL74043,Nicholas Murray,"17849 Thomas Springs Apt. 622
South Davidberg, WA 95112",GJ06DG9355
DL48541,Anthony Smith,"7873 David Glens Suite 433
Johnstad, DE 22182",GJ01HS1902
DL21616,Mary Anderson,"896 Gonzalez Inlet
Marquezland, NJ 99112",GJ01KC9959
DL59800,Judy Steele,"PSC 2080, Box 8988
APO AP 18022",GJ06DQ3712
DL94935,Cathy Howard,"13559 William Lights Suite 782
New Erinburgh, IN 33028",GJQ1RN4259
DL31695,Raven Brown,"47195 Sydney Shores Suite 138
Amberton, CA 73434",GJ12CG2526
DL33258,Victoria Carney,"9588 Charles Tunnel Suite 321
Millsstad, AK 85060",GJ01RS0198
DL16484,Zachary Bennett,"628 Monica Route
Rachelmouth, TX 28720",GJ23CC8798
DL24692,Karen Gould,"37297 Carr Parkways Suite 023
Susanberg, CA 62237",GJ01HM5887
DL45296,Kimberly Ramos,"862 Johnson Trafficway
Rhondaton, TN 74193",GJ09AG8384
DL40044,Dana Moore,"7481 Jeffrey Island
South Brianside, MP 68664",GJ05JB6589
DL61914,Jenny Rogers,"068 Foster Forest
Millerburgh, WV 80831",HP12H1324
DL12786,Cassandra Martinez,"2069 Christina Wells
South Vickiville, KY 11673",HP16A2014
DL97274,Terry Hall,"770 Stone Extension Suite 281
Mooreburgh, ND 55947",HP666807
DL26849,Eric Thomas,"42890 Martinez Street
Brendamouth, SD 87700",HP01N0304
DL77458,Elizabeth Baker,"USNS Ruiz
FPO AP 68905",HP12C3766
DL52706,Andrew Williams,"08905 Clark Groves
Lake Latoya, RI 34103",HP719898
DL65801,Sarah Jones,"8807 Diana Corners Apt. 319
East Davidfurt, LA 66422",HP23A6365
DL40433,Raymond Miranda,"PSC 5693, Box 3137
APO AE 15391",HP52B5958
DL56881,Brett Burton,"0589 Mark View
Lake Darrylland, GU 04301",HP12H7917
DL58447,Michael Huerta,"USS Roberts
FPO AP 53877",HP36E3330
DL90767,David Adams,"89172 Gross Groves Apt. 875
Donaldburgh, OR 41458",HP34C8986
DL14685,Jeffrey Wong,"60746 Seth Port
Brownhaven, IA 39219",HP38G1539
DL18430,Anthony Edwards,"USS Patel
FPO AA 37483",HP22E8000
DL85185,Joshua Pace,"214 Jefferson Greens
New Julietown, CT 85068",HP20E3953
DL39474,Sherry Clark,"3899 Hernandez Row
East Russellton, UT 08005",HP24C8032
DL93247,Charles Richardson,"3235 Angela Vista Suite 011
Dawnville, CA 46652",HP54C6564
DL87207,Jennifer Gibson,"9160 Jasmine Club
Tammyburgh, IN 88241",HP64B3380
DL39858,Carrie Miller,"07856 Russo Gardens
Hudsonville, PR 12256",HR26BQ8176
DL22186,Justin Reed,"68629 Crystal Green
Port Phillip, OK 52551",HR71F9259
DL97935,Anthony Jimenez,"67537 John Stravenue Suite 441
North Angelaland, NM 57971",HR29W8286
DL12890,Crystal Rosales,"5856 Joel Ramp
Mitchellton, KS 45214",HR10AE9885
DL58823,James Crosby,"2312 Alexander Pike
Jasonchester, WV 93803",HR26CC7676
DL14408,Amber Rhodes,"350 James Burg
North Williamland, ID 33795",HR26DJ8832
DL67632,Tina Byrd,"927 Holmes Streets
East Patriciachester, WI 85918",HR01W0080
DL86439,Mr. Brandon Little,"212 Boyle Valley Suite 785
Owenshaven, TX 45059",HR20X8432
DL23439,Anna Hill,"7700 Rivera Divide
North Kayla, NC 94517",HR29AS0015
DL50809,Jeremiah Hebert,"6357 Adam Plaza
Williamport, MN 15906",HR26BY4812
DL97882,Barbara Russell,"765 Brenda Mission Suite 659
Kimberlyland, AL 31114",HR01H4731
DL55359,Michael Smith,"15292 Ashley River Apt. 375
Jeffreyhaven, MS 38637",HR51AQ0911
DL84458,Adrian Buchanan,"PSC 8561, Box 8774
APO AA 53921",HR51BU8218
DL54374,Gerald Campbell,"41999 Kristin Passage Apt. 541
Lake Sarah, AR 16644",HR29K7840
DL73039,Dylan Cordova,"70927 Jason Square Apt. 383
Taylorland, DC 33088",HR56B2626
DL25262,Teresa Harris,"629 Ernest Ports
South Derrick, NV 37649",HR26BK8597
DL73936,Tara Rodriguez,"5006 Thomas Way Suite 998
Buckburgh, PW 78208",HR26DM2296
DL60028,Brett Miller,"897 William Glens
Charlestown, VA 10962",HR29AQ4939
DL45038,Courtney Brown,"PSC 2398, Box 3703
APO AE 02933",HR26EJ7668
DL40534,Joseph Hall,"983 Angelica Inlet
Davidport, SC 04521",HR09G8378
DL31063,Tracy Howard,"1900 Todd Locks Apt. 959
Lauraville, FL 71656",JH01Z3792
DL13485,Christopher Good,"619 Campos Stravenue
Courtneyfurt, PW 09606",JH01AM0100
DL74646,James White,"40729 Amber Union Suite 225
East Victoriatown, KS 23716",JH01DB1881
DL42556,Heather Meyers,"44233 Jimmy Burg Suite 408
New William, FM 56207",JH02AH0750
DL50218,Jose Meadows,"10726 Amy Creek
East Nicole, NH 61631",JH01BX0013
DL52386,Melinda Floyd,"USNV Decker
FPO AP 43367",JH04C7104
DL80854,Phillip Brooks,"212 Ruiz Shores Apt. 650
Aaronside, VA 36834",JH01BU9956
DL17302,Karen Erickson,"83562 Adkins Hill Suite 503
Jacksonville, GU 87893",JH02AD2533
DL42905,Shannon Bailey,"42580 Madison Locks Suite 724
Lopezbury, WA 36009",JH01BC5210
DL69942,Mr. Tyler Mckinney,"7255 Kelly Loop
East Jose, NJ 56643",JH01AX5392
DL48663,Philip Mueller,"0056 Maxwell Freeway
Osbornshire, WI 61214",JH01AM2354
DL10269,Mary Harris,"04218 Hodges Fort
Woodwardland, WV 49211",JH10BV1496
DL41561,Kathy Sandoval,"72373 Tracy Field Suite 444
Thomasmouth, MD 34176",JH08C0625
DL61752,Laura Jones,"781 Mitchell Point
Reedburgh, RI 55070",JH01AR2011
DL60129,Jamie White,"1824 Jessica Hills Suite 004
Jasminberg, ME 51334",JH05Y9636
DL29644,Jason Green,"2100 Brittany Ridge Suite 060
East Daniel, WY 54503",JK02BF5058
DL42605,Barbara Gomez,"55102 Schneider Estate
Jasmineside, NE 50078",JK02BJ7997
DL86519,Edward Melendez,"293 Gray Neck Suite 713
Curtisport, MI 40446",JK02BL1212
DL56671,Maria Perez,"01111 Jennifer Overpass Suite 975
Bethberg, MN 66922",JK01M4723
DL58079,Kevin Brock,"6253 Robert Ferry
Lake Miranda, MI 57375",JK05H3594
DL32079,Barbara Kline,"50356 Morse Pass
Russellchester, AR 16248",JK01R8021
DL47653,Kelly Bates,"57683 Dawn Walks Apt. 999
New Hector, CO 39012",JK11B4928
DL37731,Robert Woods MD,"946 Anderson Estate Apt. 226
Lake Cindy, WV 09721",JK02W2657
DL12826,Charles Payne,"8892 Benton Port Apt. 092
Brendaville, AK 46061",JK02AK8967
DL33353,Bradley Ramirez,"160 Williams Skyway Suite 749
North Leetown, MP 54529",JK03D7750
DL52149,Brandon Clark,"7302 Adams Spurs Suite 969
West Christineburgh, NC 95354",JK01AD3147
DL65955,Nathan Wagner,"514 Laura Ports Suite 528
West Morganchester, TX 14376",JK01AF7715
DL64351,Denise Zamora,"Unit 2187 Box 8682
DPO AP 59397",JK11D8143
DL72147,Linda Robles,"77649 Hall Loaf
Lopezfort, FM 22398",JK02AJ1525
DL10965,Christopher Wright,"62476 Lin Overpass Apt. 325
New Lawrenceport, MN 45955",JK09B7745
DL27882,Michelle Collins,"95333 Bonnie Lake Suite 507
Caldwellburgh, FM 90091",JK02AS3888
DL38323,Lynn Summers,"290 James Mountain
South Noah, GA 43297",JK11B2360
DL95537,Nathan Hammond,"6393 Jennifer Court Suite 788
Brendaton, NC 34491",JK127959
DL28789,Karen Escobar,"99958 Tonya Mountains
South Jamesfurt, DE 69540",JK01AL4613
DL62110,Christopher Davis,"0065 Case Club Apt. 318
Lake Isaacbury, LA 38544",JK02CC0447
DL76116,Jordan Patel,"4681 Booth Bypass Suite 002
Carolside, NE 30764",JK02BN3088
DL60462,Scott Middleton,"002 Rodgers Union Suite 972
Michelleberg, WY 05421",JK02AG2454
DL98195,James Brown PhD,"33793 Washington Fork
Port David, MT 29032",JK01AF0310
DL83928,Lisa Murray,"25098 Olson Field
West Danielside, PA 81453",JK02AC8876
DL75587,Laura Hall,"0365 Adams Locks Suite 872
Lake Joefort, ME 97747",JK10B2313
DL15980,Samantha Woodard,"3352 Nathan Spur
Owensshire, WI 34965",JK10A4638
DL34490,Zachary Nash,"5321 Solomon Rapids
New Brandyview, ME 87362",KA03MQ6984
DL22424,Karen Graves,"902 Christian Roads Apt. 281
Francoton, MN 75192",KA05MF1762
DL27143,Erica Brown DDS,"3853 Ashley Flat Apt. 442
Coryland, AL 14396",KA06C9590
DL77337,Susan Hubbard,"USS Silva
FPO AE 95165",KA38M8037
DL48402,Donna Yoder,"649 Hardin Trace Apt. 342
Lynnbury, TN 60745",KA53P7604
DL11236,Mr. Andrew Stokes,"78455 Mcintyre Island
New Nicole, CO 53085",KA51D9662
DL36356,Melissa Smith,"9809 Wanda Ferry Apt. 958
Aliciashire, AR 59101",KA01MB9714
DL45205,Tony Neal,"81539 James Radial Apt. 274
West Patriciaport, CO 12849",KA04MG7528
DL16201,Ryan Richardson,"959 Tiffany Track Suite 869
Timothyfort, GA 79031",KA04MK0368
DL53666,Nicholas Wagner,"649 Singh Corner Suite 852
North Helenberg, WV 37706",KA02MF3336
DL29021,Christian Ibarra,"69485 Tammy Circle Suite 894
South Rachaelside, OR 16460",KA03NC7167
DL56545,Megan Clark,"91840 Alan Hills Suite 305
Dudleyport, VT 63386",KA01MG1660
DL57023,Nichole Lucero,"157 Christopher Road Apt. 892
Collinsberg, MH 39141",KA04MK312
DL64867,Bill Williams,"196 Sarah Key Suite 954
Lake Kristen, MP 86597",KA19MF1763
DL25280,Brandon Pineda,"37465 Stanton Stravenue
North Georgeside, GU 56294",KA 1 AG 6740
DL74944,Krista Randolph,"Unit 4798 Box 0265
DPO AP 84165",SK 91 F 8983
DL22200,Melissa Reed,"4280 Victoria Point Apt. 389
Justinchester, PR 49121",MH 90 F 6683
DL48064,Nicole Shaw,"392 Jimenez Hill Apt. 485
Port Jamieton, DC 31726",KA 75 D 2417
DL75707,Pamela Garner,"664 Mccann Forest
Brianaland, NY 67337",RJ 66 L 8854
DL97320,Joshua Snyder,"880 Shannon Station
Foxstad, LA 97158",HR 47 IK 6283
DL17287,Jennifer Sexton,"56867 Smith Ports
South Vickihaven, GA 15300",MP 38 MF 9258
DL94884,Matthew Watson,"5122 Wong Keys Suite 431
Trevinoberg, IA 95245",GA 78 JY 5733
DL49976,Diana Oconnor,"2979 Erica Court Apt. 972
Kylechester, NC 27088",BR 33 C 7849
DL61267,Ashley Payne,"426 Heidi Point
East Stevenstad, MO 64789",UK 49 M 1343
DL54195,Heather Maxwell,"Unit 3532 Box 3528
DPO AA 69057",UP 74 I 3319
DL53297,Tammy Cook,"698 Christopher Knoll Apt. 896
East Tara, SC 35735",MP 49 JR 3616
DL40592,Victoria Bentley,"4563 Yang Garden Suite 037
Evansville, NE 55451",KA 87 I 4504
DL99720,Thomas Duran,"387 Jeffrey Tunnel Apt. 695
Lake Patrick, MD 74161",MP 96 W 6679
DL13407,Jeffrey White,"161 Nicholas Valleys
Christinahaven, WI 14892",MH 7 J 4932
DL85855,Christopher Fisher,"597 Morgan Stravenue Apt. 474
Robinsontown, AZ 80864",HP 49 JP 4188
DL95795,Justin Lopez,"926 Christina Meadows
Katiestad, PW 49374",HP 68 FH 3204
DL96603,Cynthia Ramirez,"8999 Noah Corners Apt. 394
Lake Thomasfurt, FL 43206",PB 71 S 1380
DL48849,Erika Andrade,"4712 Kaiser Square Apt. 011
North Samuel, MH 97757",BR 12 Z 4020
DL44904,Stephanie White,"637 Dean Street Suite 422
Robinville, TN 63481",AP 98 SS 2627
DL98697,Mr. Mark Krueger,"5656 Martin Streets Apt. 622
Lake Tanya, WY 89848",AN 74 VJ 7317
DL55614,Dylan White,"4852 Melvin Loaf Suite 034
New Gina, TX 44940",MN 63 CZ 3088
DL27124,John Lowe,"782 Stephanie Fords Apt. 981
Nathanfurt, TX 20288",JH 27 WT 2599
DL91793,Michael Brown,"USS Hill
FPO AE 24011",OD 30 UA 3805
DL47280,Lisa Wilson,"0619 Thomas Ranch Suite 242
Thomasberg, AS 94033",JK 59 VG 7943
DL50564,Mr. Adam Jones,"03996 Miles Curve
Douglaston, WI 04454",PB 22 VP 8644
DL12694,Courtney Gamble,"22456 Anderson Circle
Morristown, MT 90894",MP 58 AI 9166
DL35781,Dr. Timothy Daniel,"236 Warren Circle
Ryanville, NJ 95545",BR 26 V 8597
DL55505,Wanda Espinoza,"498 Lisa Mountains Suite 334
West Carolyn, AR 34357",MZ 38 W 9073
DL87973,Monica Nelson,"64826 Thomas Creek
Thomasburgh, OK 01844",PB 67 GP 8572
DL29943,Olivia Spencer,"878 Christian Manor Apt. 215
Richardsberg, OH 49164",KA28M3589
DL96261,Bobby Johnson,"396 Willie Cliffs
Waltersview, MI 83350",KA25P5080
DL37006,Kenneth Brown,"0055 Lisa Roads
Debratown, MS 89701",KL27D9809
DL13409,Raymond Watson,"59999 Gary Center Suite 820
Lake Laurenmouth, MP 86014",KL46A3613
DL10671,Ryan Mata,"77034 Keith Road
Liumouth, PA 27696",KL07BU7707
DL43359,Alec Hill,"8107 Sarah Ford Suite 279
Taylorchester, IL 13329",KL16U8863
DL40192,Ashley Wilson,"220 Veronica View
Vasquezmouth, OH 89456",KL45C4411
DL16037,Bobby Davis,"099 Roberson Harbor Apt. 468
Wallacechester, AL 09174",KL08BJ5001
DL55033,Keith Smith,"Unit 8579 Box 0059
DPO AP 43854",KL03S6394
DL38298,Joe Bell,"158 Johnson Ridges
Lindseyview, NH 36920",KL43G6619
DL26644,David Pearson,"1353 Frazier Center Apt. 127
Rodriguezshire, RI 13020",KL43D4444
DL68225,Melissa Perez,"70951 Johnathan Port Apt. 988
West Perrystad, VI 18461",KL43D4389
DL95101,Jessica Hopkins,"90701 Joy Stravenue
Lukechester, PW 59612",LA020749
DL66353,Erika Wallace,"9268 Travis Park
East Justin, DC 40806",MH06AB8629
DL32894,Michael Kelly,"83299 Gardner Shoal Apt. 006
Lake Michael, MH 78456",MH49AK2798
DL75032,Juan Greene,"715 Christine Flats Apt. 705
Gregoryland, AS 36482",MH49AC6244
DL36602,Kerry Lam,"322 Stephen Dale
Cisnerosbury, UT 45806",MH12MF6822
DL35630,Luke Moreno,"4942 Hayden Avenue
Ernestborough, TX 62032",MH47N0712
DL43953,Kyle Barber,"0899 Patrick Wells Suite 169
Lake Kelly, PA 09495",MH12KY6921
DL94823,Kristin Valenzuela DDS,"67903 Harrison Falls Apt. 209
Port Yolandafurt, KS 24231",MH02DN7410
DL91968,Brenda Gonzalez,"7719 Whitaker Crossing
East Diane, NJ 99791",MH11CQ8516
DL90753,Steven Short,"2868 Amanda Groves Suite 387
South Garytown, OH 85888",MH36H5700
DL88016,Steven Stone,"6875 Hahn Common Apt. 312
New Tiffany, IL 25308",MH12NJ5838
DL52522,Rebecca Little,"024 Bullock Cliffs Apt. 237
Riddleport, NE 29621",MH05BS3471
DL81410,Jean Ballard,"151 David Valleys Apt. 874
North Sarahbury, NV 27706",MH43X8997
DL95814,Amber Alvarez,"1889 Lamb Stream
Port Patriciaton, PW 39807",MH05EQ4066
DL66640,Molly Mcdowell,"151 Mitchell Track
New Barbara, PR 46685",MH12GR862
DL76240,Emily Lambert,"36171 Albert Spurs Apt. 760
New Kirk, CT 06289",MH01BT7906
DL88308,Christina Lang,"58407 Elizabeth Junction Apt. 204
East Jacobfurt, ND 81694",MH12HN4507
DL82946,Ryan Adams,"04829 Santana Shores
Rogersburgh, VI 80815",MH12KN8366
DL91503,Sandra Henderson,"PSC 8523, Box 2557
APO AE 42897",MH12KJ7659
DL68451,Jeffrey Stewart MD,"425 William Plains Apt. 157
Port Alishaland, AL 17684",MH04DR8508
DL69105,Melissa Rich,"8794 Jordan Glen
Port Brian, NV 34206",MH05CH1754
DL81532,Lisa Henderson,"1932 Roberts Ridges Apt. 624
New Dustin, GU 45544",MH49AS5099
DL51908,Jennifer Smith,"15201 Jack Burg
South Erinborough, HI 61068",MH04HF5092
DL41265,Dawn Wheeler,"06530 Collins Mill Apt. 608
Lake Emilymouth, TN 31010",MH12FK1392
DL37524,Brittany Davis,"63710 Kelly Stream Suite 168
Port Michelle, VT 85088",MH12HF5057
DL31433,Gina Crosby,"6252 Justin Fork Apt. 536
Johnfurt, AS 77911",MN05A6028
DL22137,Lori Rice,"81022 Christopher Forge Suite 664
New Karamouth, KY 81042",MN01G0297
DL39041,Grant Hoover,"514 Linda Fields
Perkinschester, LA 83737",MN06LA0861
DL56873,Kimberly Underwood,"21273 Kimberly Mews
South Gary, OH 51342",MN01G5395
DL40106,Scott Mcdonald,"405 Marshall Radial Apt. 991
Bellmouth, NJ 42142",MN01K5346
DL56760,Mary Spears,"760 Francis River
East Kelly, AL 04536",MP04CL3546
DL32624,Kelly Meyer,"44303 Brandy Oval Suite 410
South Bobbyfort, AK 02267",MP04CL8840
DL31051,Mr. James Gibson,"863 Tyler Coves
New Ashley, OK 17018",MP65C0654
DL71815,Kim Garcia,"21332 Brennan Grove Suite 477
Lauraville, WI 52719",MP09CK4943
DL38831,Traci Hines,"62003 Young Avenue
Lake Elizabethside, MI 41488",MP20TA0919
DL60021,Amanda Davis,"573 Jack Place Apt. 979
Steveside, AL 72277",MP07CA5563
DL48128,Teresa Holland,"433 Sanders Plaza
North Victortown, DE 95977",MP09BD1270
DL25643,Tina Morris,"463 Pham Dam Apt. 627
Phamton, NE 12155",MP09CQ9712
DL54153,Adrienne Barker,"Unit 4355 Box 3233
DPO AA 08479",MP08CA6293
DL10799,Sydney Waters,"1002 Hamilton Drive Apt. 109
East Devon, CT 83983",MP07CB8897
DL52867,Robert Farrell,"762 Matthew Walk Suite 999
Eileenport, NY 35521",MZ01G9825
DL29079,Melanie Carter,"USCGC Hernandez
FPO AP 73724",NL01C8433
DL72943,Matthew Morgan,"056 Mcmahon Inlet Suite 245
West Michael, GU 11936",NL078440
DL88154,Willie Murray,"7266 Montgomery Landing
Mccluremouth, AK 96720",NL07CA7631
DL30047,Brooke Roman,"Unit 0684 Box 5565
DPO AE 18528",NL07T0937
DL19664,Adam Wright,"4687 Anne Isle
Chelseaborough, NH 36834",NL02C6709
DL43674,Roger Hill,"464 Thomas Isle Apt. 993
Amychester, AL 88731",OD02V0007
DL57930,Angela Jimenez,"64421 Amber Spur Suite 168
Port Peterview, AR 21268",OD02C2836
DL54809,Stacy Hernandez,"76912 Hardin Crest
Fisherchester, MP 88004",OD14E3131
DL58298,Emily Anderson,"76623 Margaret Wells
New Christinebury, VI 65765",OD33L2616
DL70970,Pamela Hardin,"PSC 7052, Box 4558
APO AP 43164",OD05K6964
DL47525,Daniel West,"334 Darryl Roads Suite 659
Ryanchester, WA 64277",OD052323
DL39382,Jason Hill,"14506 Dominguez Mission
Petersonmouth, DC 54654",OD02L4656
DL64337,Brandi Williams,"455 Henry Row Suite 492
Youngtown, AZ 76618",OD05Y3787
DL79578,Ashley Parker,"23709 Timothy Row
Davischester, IN 58084",OD11P5123
DL69042,Monica Garcia,"230 Sanders Springs
Orrborough, MH 41652",OD02J0435
DL58469,Susan Rodriguez,"PSC 8542, Box 3724
APO AA 50924",OD02AP3010
DL92934,Michael Greene,"2655 Michael Keys Apt. 260
New Michaeltown, MA 74549",OD021481
DL42139,Jeffery Hill,"06050 Kelly Fields Apt. 697
Booneshire, AL 41487",OD25F7400
DL14249,Jose Anderson,"097 Bennett Prairie
Port Royview, NV 03706",PB11BG7347
DL39168,Tony Austin,"2119 Kevin Squares Suite 646
Sarahbury, MI 17543",PB04S4253
DL10000,Tammy Walsh,"52395 Ryan Plains
Andrewhaven, MA 83623",PB07BL8058
DL84782,Raymond Black,"9376 Mark Hollow
Ibarraland, VA 44437",PB13AF6756
DL69755,Brandy Brown,"46867 Potter Point
Tinastad, CA 02815",PB10DV5354
DL61488,Eric Brown,"USCGC Miller
FPO AA 80258",PB10CQ0006
DL53670,Lisa Mccormick,"44890 Rodriguez Glens
North Julia, AR 25604",PB35F9333
DL23235,Stephanie Woodard,"3293 Maria Lock
Cynthiafort, HI 88652",PB11BN6101
DL15342,Tyler Fox,"8228 Donna Gardens
Daltonstad, GA 67113",PB08CQ3690
DL71162,Alexander Curry,"1902 Diane Center
Leviborough, DC 41230",PB07BY3563
DL84411,Rhonda Price,"02023 Garcia Forks
Danielmouth, OR 64523",PB10EH0164
DL56989,Colin Dean,"9243 Barrett Highway
Saundershaven, WA 97357",PB30L5010
DL44149,Andrew Robbins,"6700 Tracy Meadows
Yolandaville, MH 43859",PB23S8600
DL74739,Kyle Barnett,"36107 Yvonne Overpass Suite 017
West Nancyfurt, MP 48016",PB08BF6160
DL97729,Kevin Hooper,"3797 Walters Rapid Suite 174
Port Stephen, OR 38555",PB10CX0209
DL87214,Angela Adams,"USNS Morton
FPO AA 01288",PB31R8123
DL52631,Sean Mcguire,"Unit 1409 Box 6763
DPO AE 91314",PB37A8269
DL85989,Jessica Cook,"8051 Sandra Row
South Alexanderfort, GU 52992",PB06AN6162
DL17659,Robert Calderon,"14897 Robert Neck
Sanchezborough, MA 27893",PB02DY7380
DL40741,Ashley Solomon,"1491 Andrew Villages
Wallacefort, WV 87064",PB10CK5005
DL73682,Elizabeth Lawrence,"77080 April Summit Apt. 440
Jessicamouth, AS 97043",PB04T0678
DL88938,Joseph Doyle,"588 Marvin Pass
Batesshire, MP 19946",PB65AN2583
DL54429,Barbara Gray,"687 Thomas Heights
New Jenniferville, VI 51243",PB10EE0888
DL27610,Keith Evans,"49063 Jarvis Causeway
Port Travisville, NJ 07301",PB08DY4824
DL48535,Dr. Stephen Delgado,"Unit 4939 Box 9883
DPO AA 94856",PY01Q7947
DL64253,Dana Newman,"PSC 6575, Box 2657
APO AE 98427",PY01CM9549
DL54653,Erica Patel,"012 Mcmillan River
Laneshire, GA 56347",PY01CM5400
DL97597,Andrea Garcia,"749 Gallegos Burgs Suite 447
East Franciscoshire, MN 75423",PY02S7828
DL59347,Jillian Watkins,"7006 Thomas Fields
South Justinmouth, PA 77542",PY01AW2814
DL42963,Crystal Brown,"870 Kane Rue Suite 643
Lake Hunter, MT 84176",PY01AP0555
DL41316,John Miller,"929 Perkins Via
Lake John, AS 74628",PY036993
DL97552,Debra Bridges,"562 Lara Course Suite 900
East Gregory, NE 24936",PY01BD9020
DL84424,Martin Lopez,"860 Joanna Burgs
Wardberg, PA 82490",PY01CE4149
DL17830,Kristin White,"83800 Sanchez Knoll Suite 903
New Hannah, IL 12275",PY01AH9067
DL62420,Jason Murphy,"Unit 9767 Box 0751
DPO AP 41030",PY01CG2929
DL77798,Joseph Jones,"3043 Green Street
Mariamouth, NY 16106",PY01CY2442
DL99158,Richard Baldwin,"051 Miles Extensions Suite 379
New Kelseyburgh, IN 83921",PY05A8339
DL30885,Danielle Clark,"532 Jeffery Skyway
Port Jennifer, MA 94600",PY01BU2406
DL57362,Nicholas Hayes,"98782 Matthews Villages Apt. 764
Russellview, AZ 84770",PY02S9326
DL33653,Michael Murphy,"07007 Moore Via Suite 905
Adamsside, SC 88019",RJ14CW4115
DL76111,Kevin Compton,"22782 Wright Views Apt. 146
Traceymouth, MD 83010",RJ20CD5118
DL95722,Ronald Lowe,"406 Ashley Ferry
Johnsonfurt, NY 07936",RJ14CF5807
DL10655,Melissa Robinson,"68622 Armstrong Rapids
Jamesmouth, ME 56669",RJ23CB2272
DL40112,Robert Hooper,"57321 Antonio Viaduct Apt. 862
Lake Barbaraside, TX 24707",RJ23CB4320
DL86923,Matthew Young,"5781 Brett Falls
Kathrynside, VI 33451",RJ14CM3730
DL90542,Laura Thomas,"3469 Breanna Crescent Apt. 216
South Elizabeth, MO 72048",SK01PA2969
DL11218,John Banks,"658 Hatfield Parkway
Griffinfurt, RI 55539",SK01T3794
DL45866,Ryan Hernandez,"37815 Travis Manor
Moralesmouth, MS 16592",SK01PA7708
DL18585,Erin Walter,"516 Sarah Harbor
East Donald, MP 77957",SK01PA4521
DL84886,Brandon Mendez,"430 Lee Mountain
South William, SD 97048",SK01PB3596
DL22638,Matthew Newman,"907 David Causeway
New Jessechester, DC 90712",SK04P1320
DL12220,Brandon Smith,"231 Ryan Run Apt. 899
Port Jessicaton, RI 27771",SK02P3471
DL10962,Austin Perez,"Unit 5213 Box 0122
DPO AA 83328",SK01PA5349
DL98367,Joseph Turner,"00428 Reed Stravenue
Lake Bridgetchester, HI 25112",SK01T8791
DL35544,Misty Brown,"58377 Mitchell Points Apt. 362
South Charles, OH 77282",SK01PB5004
DL87114,William Watts,"992 Michelle Fords Apt. 865
Patrickhaven, DC 51425",SK02P1078
DL39064,Jessica Johnson,"39827 William Stravenue
Donaldview, NM 67867",SK01T3835
DL72591,Christopher Johnson,"344 Richard Way Suite 954
East Melvin, AL 95970",TN63BV7954
DL93915,Kimberly Mays,"9061 Lindsey Ranch
Shawnland, TN 10664",TN02AU9295
DL66318,Katherine Contreras,"411 Matthew Drives Apt. 185
Ballberg, CO 96080",TN10AR0131
DL78006,Mrs. Heather Nolan,"059 Laura Brooks
East Jesse, MO 54079",TN47T4464
DL56529,Shane Summers,"96126 Oneal Lodge Suite 006
Staceyland, ME 25739",TN19F0816
DL71168,Robert Johnson,"9445 Jose Prairie Apt. 551
West Victor, GU 84580",TN07BT5778
DL29373,Katelyn Watson,"11402 Tony Tunnel
Lake Kellyville, RI 43361",TN07AP0659
DL73953,Andrew Smith,"4801 Flores Valley
New Angelaview, CO 34738",TN19Q0835
DL65261,Bryan Moran,"393 Roberta Radial
Franklintown, OK 95962",TN69AJ4495
DL85712,Travis Harrison,"76195 King Vista
East Jennifer, AR 40750",TR05B0308
DL73929,Kari Carter,"53979 Janice Manors Apt. 264
South Keithside, NY 20386",TR03H0259
DL14012,Christine Calderon,"1287 Bennett Extensions
Davidberg, WI 17066",TR02L0569
DL15988,Luke Mason,"0040 Peter Lodge Suite 264
West Karenview, MS 84049",TR01N0481
DL25145,Megan Taylor,"4813 Krause Tunnel
Morganside, OH 32495",TR01X0482
DL42751,David Santiago,"00795 Powers Glens
Port Sarahview, CA 43882",TR01BG0365
DL10966,Gregory Guerrero,"553 Knight Cape
New Latoya, ND 81584",TR01E2157
DL32734,James Miller,"904 Miguel Parks
Sarahfurt, WV 28826",TR01AS0609
DL24314,Whitney Brown,"PSC 8647, Box 7330
APO AP 29468",TR07D0569
DL73429,Brenda Baker,"38917 Coleman Locks
New Helen, CT 99679",TS08FQ1262
DL26914,Mary Garcia,"847 Myers Haven Apt. 304
New Abigail, WA 63175",TS07EL3335
DL27917,Derek Thompson,"256 Nelson Junctions
Williamsfurt, OR 45934",TS09EZ9293
DL99418,Victoria Anderson,"751 Dillon Lodge Apt. 288
North Elizabeth, MH 70456",TS09EZ9296
DL98020,Rachel Smith,"458 Hernandez Rue Suite 282
Christinaton, WV 11689",TS09EA4068
DL53553,Sharon Garcia,"975 John Light
Jonathanmouth, KS 69549",TS08EZ9463
DL60546,Miguel Wise,"45559 Megan Centers
Buchananville, VT 40060",TS09EG6565
DL37663,Daniel Henry,"63728 Robert Junctions Suite 030
Port Marissachester, CT 87190",TS21J8351
DL13905,Robert Harper,"8291 Porter Bypass
East Maryland, ID 12975",TS11EQ2914
DL30002,Sharon Dominguez,"55933 Lucas Ports
Yatesview, NY 44088",TS08FZ8298
DL31423,Robert Griffin,"Unit 0433 Box 2677
DPO AP 16541",TS09UA7948
DL88254,Mr. Gregory Hawkins,"21130 Sellers Spur Suite 278
West Meganville, MI 86944",TS15ES0894
DL29213,Kimberly Herrera,"29351 Robert Manors
South Justinfort, VA 92282",TS36H6578
DL60023,Sara Fisher,"013 Phillips Drive
North Deborah, PR 66942",TS13EK6213
DL28795,Jeff Roberts,"208 Christopher Plains
East Mark, AK 39499",TS07HM2584
DL23927,Jacob Berry,"769 Charles Plaza
Tiffanyburgh, TN 13864",UK08W2276
DL71692,Brian Alvarez,"2127 Rebecca Tunnel Apt. 831
East Phillipville, IA 67102",UK06CB4595
DL66127,Thomas Edwards,"67970 Gina Village
Lake Debbiemouth, CO 97274",UP23K0008
DL12522,Richard Martinez,"69050 Danny Fall Apt. 040
Thomasfort, OH 49097",UK106679
DL43607,Teresa Williams,"9288 Lindsay Rue
Edwardsburgh, VI 74315",UK07AM5665
DL77069,Lisa Murphy,"6516 Leslie Neck
Scottchester, MI 04834",UK07BK5014
DL35043,Wanda Davis,"96460 Decker Knolls Apt. 030
North Kevinton, CO 98700",UK07AA2432
DL71049,Evelyn Macdonald,"55322 Tony Tunnel
North Kellybury, LA 84307",UP57H8173
DL15965,Michael Stuart,"2331 Elizabeth Haven Apt. 312
South Jeffrey, AK 16521",UP85BN4203
DL79297,Taylor Jackson,"7085 Michael Circle
Steveburgh, WA 98445",UP80FA1666
DL98229,Laura Williams,"20349 Madden Rue
East David, IL 45735",UP16U3849
DL78610,Megan Osborne,"0464 Emily Springs
Garnermouth, ND 22827",UP32EC5577
DL93498,Amy Fernandez,"5796 Moody Drives Apt. 363
Port Kathryn, WA 02373",UP78DB3730
DL31542,Joanne Burns,"36316 Connie Vista Apt. 713
Geraldstad, AK 55613",UP53AK1161
DL90229,Jeremy King,"21745 Buck Spur
Jeffreyton, IL 41522",UP14CV7920
DL68893,Terry Cole,"8682 Collins Fork
North Nicolehaven, MP 13616",UP16BD4866
DL11883,Debra Thompson,"4138 Garcia Parkway Apt. 026
Collinsport, NY 60558",UP79L0567
DL26027,Ricky Johnston,"899 Rebecca Mountain Apt. 297
New Victoria, PR 21878",UP32KW7325
DL85807,Timothy Brown,"782 Katherine Shores
West Julia, NE 96714",UP32CX3400
DL50701,Jeremy Pierce,"64842 Maureen Mall
Morganport, RI 62209",UP45Q3028
DL18801,Kelly Owens,"8334 Ortiz Roads
Port Carlton, PW 84711",UP14AK8604
DL35199,Christopher Weaver,"48636 Jesus Fort Suite 606
Mooretown, GA 66106",UP52AH9705
DL81899,Martha Pennington,"9133 Nathan Springs Suite 440
Stonebury, MS 39109",UP11AY0646
DL16150,Heather Roberts,"789 James Shoals Suite 851
Jasmineberg, MP 86721",UP78ED0449
DL47944,Mr. Antonio Yates,"PSC 0477, Box 6430
APO AE 21691",UP27Z7322
DL54216,Julie Joyce,"Unit 5488 Box 4420
DPO AP 01321",UP32BF3577
DL61043,Ronald Wright,"Unit 2056 Box 9764
DPO AA 45042",UP14AX9754
DL10572,Nicole Cook,"15791 Miller Parkways Suite 097
Colemouth, GA 15971",UP32HY6077
DL95691,Margaret Gilbert,"644 Ford Hills Apt. 448
Kellyfort, GA 56682",UP14AF3804
DL10941,James Brewer,"USS Scott
FPO AA 84355",WB26T6688
DL10778,Stephanie Cole,"0178 Christina Springs
Lake Kristen, WA 99383",WB02M8447
DL40076,Scott Curry,"31167 Garcia Creek
Chandlermouth, AK 59978",WB70G3763
DL76849,Chase Thompson,"20695 Bentley Junction Apt. 680
Meadowschester, WY 78472",WB02X8795
DL20069,Jonathan Henderson,"611 Amanda Union
South Anna, MI 99470",WB06G4120
DL57474,Gerald Sullivan,"354 Tran Square
Josephland, UT 25181",WB02AH4655
DL19132,Elizabeth Solis,"94055 Kelly Falls Apt. 472
Ericland, OH 58168",WB06J4432
DL93025,Amanda Ibarra,"8499 Duncan Spur
Sarahfurt, MN 80845",WB02AA5580
DL91549,Rodney Brown,"109 Brian Highway
Whiteview, CO 11025",WB08A4101
DL94766,Krystal Ruiz,"458 Connie Mission
East Susanborough, OK 09517",WB26S5093
DL57157,Stephanie Boyd,"Unit 3130 Box 5432
DPO AE 68677",WB36G6682
DL60131,Jillian Walsh,"65779 Rowland Vista Apt. 868
Robinsonbury, LA 59274",WB12AX2987
DL97865,Jessica Vargas,"38296 Andrew Extension
New Josephberg, MA 17771",WB06J9177
DL70318,Sara Gibson,"942 Michael Prairie Suite 499
West Sarahside, IN 42882",WB02AJ4534
DL54047,Lindsay Long,"994 Amanda Trail
South Frankhaven, LA 04401",WB06J2192
DL74518,Tonya Gonzalez,"USCGC Fisher
FPO AA 02943",WB061061
DL40130,Mary Lutz,"0238 Barbara Branch
North Davidfort, DC 79394",WB02W9535
DL30287,Alison Miller,"9957 Elizabeth Mall Suite 569
South Nicholasstad, IA 22139",WB20H0271
DL25838,Joseph Jones,"23836 Norris Plaza
Abigailstad, NY 56522",WB20AG9041
DL64140,Colleen Rodriguez,"54192 Christopher Island Apt. 880
Morrisshire, FL 98213",WB06H2237
DL78132,Michael Thomas,"004 Morales Port
New Laura, MA 08887",WB02AD3017
DL92523,Brett Goodwin,"65771 Guerrero Spring Apt. 322
New Nicholasburgh, AR 62488",WB02AD4162
DL49822,John Hutchinson,"324 Erika Course
Christopherborough, NH 67053",WB02AM8548
DL25103,Lisa Collins,"784 Fletcher Viaduct Apt. 445
Lake Kennethland, MA 88946",MH01BT0050
DL48713,Christina Oneal,"55571 Brandon Harbor
Port Ericberg, MO 15477",MH03BC6247
DL44853,Angela Alvarez,"5420 William Villages Apt. 958
West Tracey, RI 55035",MH02CD7733
DL72558,Aaron Porter,"65532 Nathaniel Points
West Jamesfort, UT 65909",MH04CT3566
DL51171,Rickey French,"09855 Barbara Roads Suite 546
Melanieview, MD 65374",MH02EE6842
DL24441,William Jones,"USNV Black
FPO AA 27700",MH03AM3025
DL59610,Brittany Flores,"642 Cross Flat
South Brianshire, UT 26749",MH01BG7161
DL59649,Michael Phillips,"91104 Kristy Forest Apt. 793
South John, NJ 62353",MH47Q5851
DL64992,Desiree Arellano,"7089 Anthony Falls
North Wendytown, SD 09781",MH47AZ8323
DL38305,Ivan Cervantes,"952 Perry Crest Suite 451
Camachotown, AZ 09092",MH02EH1077
DL16084,Pamela Moore,"20267 Kramer Groves
Johnsonstad, ID 62811",MH02CR8276
DL11158,Matthew Hensley,"3342 Manuel Villages Suite 852
Stephenberg, NH 16233",MH01BT9066
DL31632,Dean Myers,"8331 Wilson Crescent
East Rachel, MH 82724",MH01DT1917
DL59114,Matthew Lang,"2936 Davis Glens
Lake Robertbury, NE 59000",MH02FN2783
DL56408,Ryan Anderson,"5089 Renee Mission Suite 842
Roseburgh, MN 45428",MH02EK0837
DL21143,Thomas Jordan,"574 Jason Motorway Suite 075
Allisonside, MT 15114",DL3CCQ0107
DL87901,Shari King,"968 David Parkways Suite 117
Acevedoberg, FL 48075",MH01AU0059
DL62112,Ricardo Flores MD,"Unit 2458 Box 6125
DPO AA 39106",MH05EJ3005
DL39680,Justin Cummings,"947 Henry Park Apt. 910
West Helenport, MI 00583",MH03DV2010
DL86987,Shelly Sanchez,"56593 Wells Skyway Apt. 069
Watkinsside, GA 37502",MH05DS8679
DL47200,Mark Myers,"7765 Rivera Ford Suite 598
New Brandi, AR 38166",GJ15CD0564
DL51396,Donna Anderson,"2696 Robinson Drive
Hollymouth, OH 82177",MH43BK9513
DL77954,James Newton,"218 Danielle Course
Mendezmouth, CO 79179",MH47Y1124
DL12406,Tyler Scott,"079 Golden Plaza
Evanstown, GU 86709",MH01DB1477
DL82641,Joseph Williams,"61624 Huff Skyway
South Marchaven, HI 56114",MH12RT1105
DL79132,Jordan Jimenez,"329 Jesse Trace
Swansonview, KY 07890",TN21AT0479
DL34224,Catherine Nelson,"061 Francis Ramp Suite 203
Sarahaven, MT 18552",KA51MJ8156
DL92837,Eddie Herman,"USNV Mitchell
FPO AP 10699",DL6CN6683
DL24795,Lauren Atkins,"38534 Oscar Run
Cynthiaburgh, NC 68302",MH0AE8017
DL31659,Robert Mullen,"875 Anita Radial
Donaldville, UT 45650",GJ03JL0126
DL29508,Jessica Brown,"3664 Jason Village Apt. 409
Lisachester, DC 86880",HR26BC5514
DL55078,Lisa Terrell DDS,"640 Arias Knolls
South Belindaton, VA 24732",HR26CE1485
DL47046,Shane Martin,"249 Moreno Bridge Apt. 909
Cathyburgh, DE 90632",KA03MG2784
DL20121,Gregory Fitzgerald,"1245 Jordan Mill
Monicafort, VT 76717",KA51M8156
DL13791,Taylor Holt,"47797 Robinson Pass Apt. 746
South Larry, NJ 05189",KL54A2670
DL86956,Joshua Haynes,"PSC 8901, Box 8293
APO AA 41181",MH12NE8922
DL88585,Jeremy Holt,"4405 Woods Flats
Jeffreyshire, TX 85206",MH14DX9937
DL98723,Jennifer Kelly,"9721 Jimmy Place Suite 831
East Randallborough, MN 03107",MH15BD8877
DL63728,Mary Collins,"1613 Tammie Spur Suite 617
South Thomastown, AL 83862",MH20BQ20
DL86665,Paul Crawford,"PSC 7400, Box 6106
APO AA 37879",MH20EJ0364
DL80840,Rachel Krueger,"314 Hernandez Squares Suite 749
Garyborough, LA 06089",MH43BU2401
DL27671,Anthony Bryant,"185 Diaz Plains Apt. 287
Lake Mariaton, FL 09125",MH46BV0688
DL52477,Laura Gomez,"217 Jacob Land
Robinsonmouth, NJ 71176",TN19S4523
DL85070,Autumn Greer,"2971 Judy Viaduct Suite 415
New Ericstad, IA 36904",TN21BZ0768
DL67993,Joseph Curtis,"819 Davila Mission Suite 082
North Harrytown, PA 28679",DL6J8404
DL36653,Heather Nichols,"270 Turner Canyon
South Andrewmouth, MI 28881",HP48B2252
DL88958,Kayla Kennedy,"8355 Melinda Estate
West Devinborough, DC 11246",MH02BR4503
DL59989,Jennifer Parker,"3104 Hutchinson Ramp
Alexanderchester, LA 51534",MH02BJ2456
DL20207,Michael Smith,"364 Melissa Square
Ashleymouth, ND 58496",MH02DN8718
DL91396,Donald Cook,"44728 Marie Highway
Port William, CO 05234",MH02TU4884
DL10740,Jesse Jackson,"225 Ryan Square Apt. 135
West Hayley, TX 02022",MH02EK4399
DL83810,Tiffany Martinez,"9481 Thornton Junctions
Ritaton, AZ 44927",MH01CP2655
DL53687,Sandra Rodriguez,"1205 Michael Highway
West Ashley, UT 94340",UP40AF3804
DL29298,Andrea Conley,"4353 Amy Freeway
Port Sarastad, TN 76010",HP40B8992
DL64307,Matthew Young,"4348 Berry Tunnel
Johnbury, UT 69606",KA51MW0329
DL96644,Billy Mullins,"71016 Short Glens
Scottchester, VT 29651",KA51MV6980
DL71354,Jeffrey Ross,"874 Mcpherson Loaf Apt. 438
New Deannaland, KS 06404",KA01AE0381
DL57989,Kelly Benson,"7072 Robert Circle Apt. 575
Dennisfort, TN 05334",DL7CD5017
DL82663,Kathleen Kennedy,"5214 Jason Plain
Hoffmantown, PW 41020",DL3CBJ1384
DL36914,Kyle Bartlett,"76819 Walter Skyway
West Danaview, CA 29954",DL2CAT4762
DL64798,Christine Lowery,"672 Freeman Avenue Apt. 895
New Michael, GU 12001",HR26CO6869
DL79966,Alexis Thomas,"56487 Stephanie Bridge
Lake Deborah, NC 51864",MH03BS4060
DL10153,Blake Chavez,"1961 Walter Bridge Suite 950
Kathrynberg, OH 85979",MH03CB0229
DL13571,George Smith,"5064 Levy Rapid
Joannahaven, WI 03980",MH03AR7140
DL90737,Ashley Brown,"5495 Scott Manor Apt. 741
Tamarafort, LA 71971",MH03DK2961
DL21581,Mrs. Sarah Bond DDS,"067 Vega Trafficway
Craigchester, IA 05393",MH03AF1911
DL55612,Jonathan Howard,"45168 Elizabeth Parks
East Kristen, NE 09366",MH04JM3383
DL31116,Roger Smith,"6935 Gloria Station
Jarviston, OR 83789",MH01DB2561
DL41479,Suzanne Robles,"4001 Erica Isle Apt. 684
Edwinchester, CT 91646",MH03DU5196
DL17048,Allison Jennings,"01530 Denise Via
Harrisontown, TX 20904",MH01DK4867
DL60686,Bruce Brown,"441 Brian Parks Apt. 807
East Kristinmouth, KY 74411",MH02MA5324
DL45230,Melissa Davis,"USS Clark
FPO AA 92845",MH01AX3070
DL15447,Christopher Rodriguez,"441 Preston Villages Apt. 740
Jacksonberg, MA 46698",MH02BG9542
DL61515,Dana Bridges,"82476 Hansen Spur Apt. 666
Davenportview, IA 78376",WB26K2760
DL24671,Richard Farrell,"618 Jennifer Lodge
Hardinport, AL 94355",MH02FD6534
