policy_id,license_plate,expiry_date,company
1,HR26CK8571,2030-05-28,ICICI Lombard
2,TN21AT0749,2030-09-13,Bajaj Allianz
3,MH20BY3665,2028-12-12,HDFC Ergo
4,KA04MN3622,2030-11-22,HDFC Ergo
5,RJ27TC0530,2028-03-25,HDFC Ergo
6,MH14EU3498,2030-10-31,Bajaj Allianz
7,KA05HS4495,2026-04-30,Bajaj Allianz
8,HR51AY9099,2023-06-20,ICICI Lombard
9,GJW-1-15-A-1138,2026-10-13,ICICI Lombard
10,DL3CAY9324,2030-03-17,Reliance General
11,GJ05JH2501,2028-05-18,ICICI Lombard
12,WB O6F 9209,2024-12-23,Reliance General
13,HR26U7501,2025-08-28,Bajaj Allianz
14,MH12DE1433,2025-08-28,Reliance General
15,MH02CB4545,2026-08-25,HDFC Ergo
16,TN21AT0480,2026-01-29,ICICI Lombard
17,MH14GN9239,2029-03-08,HDFC Ergo
18,MH03CB6467,2030-09-02,Bajaj Allianz
19,MH14EH7958,2023-09-29,Reliance General
20,MH20CS1941,2023-04-30,Reliance General
21,HR26DK0830,2028-01-17,ICICI Lombard
22,MH20EE7598,2026-01-05,ICICI Lombard
23,GJ01MW7581,2023-02-21,Bajaj Allianz
24,UK07BA7252,2026-04-05,HDFC Ergo
25,TN09CH7770,2028-03-02,Bajaj Allianz
26,KL01AU585,2023-04-27,ICICI Lombard
27,KA18P2987,2026-03-01,Reliance General
28,MH12JC2813,2023-10-10,ICICI Lombard
29,MH14DT8831,2027-01-08,HDFC Ergo
30,UP50AS4535,2029-11-10,ICICI Lombard
31,TN42R2697,2025-07-24,Bajaj Allianz
32,HR99BJ6662,2024-12-01,Reliance General
33,TN21AT0492,2023-04-29,HDFC Ergo
34,MH03BS7778,2026-10-18,ICICI Lombard
35,MH01BU5207,2026-10-17,Bajaj Allianz
36,TN19TC94,2029-10-17,Reliance General
37,AP02BP2454,2029-05-27,Reliance General
38,KL02AF6363,2027-03-25,Bajaj Allianz
39,KL55R2473,2028-01-17,ICICI Lombard
40,TN74AH1413,2025-04-18,Reliance General
41,KL10AV6342,2028-06-10,Reliance General
42,TN07BU5427,2025-05-19,HDFC Ergo
43,HR26CT6702,2023-12-02,HDFC Ergo
44,TN52U1580,2026-07-30,Reliance General
45,HR26BR9044,2029-06-13,Bajaj Allianz
46,HR26DA5443,2023-05-25,HDFC Ergo
47,DL10CG4693,2030-04-20,HDFC Ergo
48,HP896786,2024-11-27,ICICI Lombard
49,KL09AL9405,2029-10-20,HDFC Ergo
50,TN37CR4019,2026-08-27,Reliance General
51,DL6CM6683,2023-11-06,HDFC Ergo
52,HR26TC7303,2029-09-12,Reliance General
53,HR26CT4063,2023-10-11,HDFC Ergo
54,AP5CG6320,2024-03-11,ICICI Lombard
55,HR26CH3604,2026-04-20,ICICI Lombard
56,HR26DA0471,2030-12-11,ICICI Lombard
57,MH14EP4660,2029-07-01,Bajaj Allianz
58,KL16J3636,2026-04-12,ICICI Lombard
59,PB08CX2959,2028-07-23,ICICI Lombard
60,UP16CT2233,2029-01-25,Bajaj Allianz
61,TN21AU7234,2027-02-21,ICICI Lombard
62,MH13BN4348,2025-12-18,HDFC Ergo
63,DL3CAY2231,2030-11-20,ICICI Lombard
64,KL01CC50,2024-12-16,Bajaj Allianz
65,KL54H369,2026-10-11,Bajaj Allianz
66,TN43 J 0158,2025-01-06,ICICI Lombard
67,MH15TC554,2024-07-06,ICICI Lombard
68,KA29Z999,2028-02-15,Reliance General
69,AP07AN3915,2024-07-21,HDFC Ergo
70,KL60N5344,2029-07-25,Bajaj Allianz
71,MH20CS1938,2028-02-08,HDFC Ergo
72,KL63C8800,2029-10-27,Reliance General
73,HR26DG6167,2024-04-15,Reliance General
74,KA03NA8385,2029-07-13,Reliance General
75,KL65H4383,2030-07-01,Reliance General
76,TN 66 U 8215,2027-06-27,HDFC Ergo
77,KA01MA6989,2027-05-25,ICICI Lombard
78,MH06AW8929,2028-06-06,ICICI Lombard
79,KL38F5008,2025-01-28,Reliance General
80,TN45BA1065,2029-05-20,ICICI Lombard
81,MH21V9926,2025-08-13,HDFC Ergo
82,GJ07BR1336,2026-09-13,HDFC Ergo
83,DL12CG6648,2025-07-31,HDFC Ergo
84,MH20EU9991,2028-03-16,ICICI Lombard
85,KL05AK3300,2030-05-08,Reliance General
86,MH20TC640B,2023-06-20,Reliance General
87,KA03MX5058,2027-01-07,ICICI Lombard
88,TN59BE0939,2030-04-16,HDFC Ergo
89,KL53E964,2030-04-17,ICICI Lombard
90,MH02BK9793,2025-08-22,HDFC Ergo
91,DL1N4268,2028-08-07,Reliance General
92,RJ02CC0784,2023-09-08,ICICI Lombard
93,MH02BM5048,2027-10-13,Bajaj Allianz
94,HR26BP3543,2030-08-03,Reliance General
95,TN07BV5200,2026-07-21,ICICI Lombard
96,MH20BY4465,2028-04-05,HDFC Ergo
97,KL06H5834,2027-09-05,HDFC Ergo
98,KL01AX8000,2029-01-28,Bajaj Allianz
99,MH20EE7597,2026-12-08,ICICI Lombard
100,HR26TC7099,2028-05-09,HDFC Ergo
101,MP09CP9052,2023-09-27,HDFC Ergo
102,MH01AR5274,2029-04-12,Bajaj Allianz
103,MH14TCF459,2029-12-26,ICICI Lombard
104,TS09EB1458,2025-11-04,HDFC Ergo
105,DL7CN5617,2026-08-15,ICICI Lombard
106,MH14TCF300,2027-04-15,Reliance General
107,TN59AQ1515,2028-12-16,Reliance General
108,WB07D5106,2029-09-29,Bajaj Allianz
109,MH14TCD204,2030-10-29,HDFC Ergo
110,CG10S0650,2028-05-21,Reliance General
111,TN74AL5074,2028-07-10,ICICI Lombard
112,TN19H3322,2026-05-26,ICICI Lombard
113,MH20CS9817,2026-07-04,Reliance General
114,HR11F7575,2024-12-02,Reliance General
115,DL12C3536,2024-09-01,HDFC Ergo
116,WB74X7605,2026-12-19,HDFC Ergo
117,TN38BY4191,2029-05-05,HDFC Ergo
118,GJ05JD9759,2025-11-01,Bajaj Allianz
119,UP16TC1366,2027-03-06,Bajaj Allianz
120,MH14EH5819,2028-04-14,Reliance General
121,HR26BA8008,2024-06-04,Bajaj Allianz
122,HR99EX6037,2026-01-07,Reliance General
123,MH2OTC189B,2023-01-28,HDFC Ergo
124,TN28BA9999,2029-04-10,ICICI Lombard
125,TN74F3339,2026-05-01,ICICI Lombard
126,MH20CS4946,2026-09-07,Reliance General
127,MH20DJ0419,2025-03-30,HDFC Ergo
128,KL43B2344,2029-04-01,ICICI Lombard
129,KL454455,2030-03-16,ICICI Lombard
130,HR26CP3135,2029-09-15,Reliance General
131,HR26CR3302,2025-01-24,Bajaj Allianz
132,MH02AJ344,2029-07-01,HDFC Ergo
133,KL10AW2814,2030-08-02,HDFC Ergo
134,KA21M5519,2025-10-09,Reliance General
135,MH01AV8666,2029-02-27,Reliance General
136,HR26CM6005,2029-02-28,HDFC Ergo
137,TS08ER1643,2023-06-04,HDFC Ergo
138,AP28N3107,2027-06-28,HDFC Ergo
139,MH02CT2727,2026-05-05,HDFC Ergo
140,MH01AE8017,2024-08-17,Bajaj Allianz
141,TN99F2378,2025-08-13,ICICI Lombard
142,HR99HA4575,2028-08-27,ICICI Lombard
143,KL13AA6340,2028-10-27,Bajaj Allianz
144,MH14TCF460,2030-10-26,Bajaj Allianz
145,MH20BN3535,2025-07-04,HDFC Ergo
146,HR26DA2330,2029-02-14,ICICI Lombard
147,KA031351,2024-02-21,HDFC Ergo
148,KL01CA2555,2029-03-14,Bajaj Allianz
149,KL07CB8599,2030-01-14,ICICI Lombard
150,KL10AV6633,2028-08-15,Reliance General
151,KL10AW2111,2024-02-25,HDFC Ergo
152,KL12G7531,2026-02-19,Reliance General
153,KL20K7561,2027-09-19,ICICI Lombard
154,MH04DW8351,2024-04-11,ICICI Lombard
155,MH20BN3525,2024-05-16,Reliance General
156,MH20DV2362,2027-11-12,Bajaj Allianz
157,MH20EE0943,2025-12-26,ICICI Lombard
158,MH46X9996,2025-05-14,Reliance General
159,PB08 CX 2959,2029-04-15,ICICI Lombard
160,TN38BW1139,2028-06-05,ICICI Lombard
161,TN58AM1,2026-11-13,Reliance General
162,TN66U8215,2029-05-01,HDFC Ergo
163,UP32FH2653,2029-10-26,Bajaj Allianz
164,KA51AA3469,2025-05-22,HDFC Ergo
165,KL07BF2007,2025-05-16,HDFC Ergo
166,TN21TC31,2023-10-28,Reliance General
167,MH20EE7601,2029-05-11,Bajaj Allianz
168,HR26TC5656,2027-09-20,ICICI Lombard
169,HR26BU0375,2027-10-11,Bajaj Allianz
170,MH46Z8892,2029-11-05,Bajaj Allianz
171,KL25B2001,2026-04-01,Reliance General
172,KA04ME9869,2024-02-16,ICICI Lombard
173,KL49H5270,2023-11-18,Bajaj Allianz
174,KL07BF5000,2025-07-06,Reliance General
175,GJ17TC214,2026-06-06,Bajaj Allianz
176,HR26DK6475,2023-01-31,ICICI Lombard
177,KA01D1330,2030-10-04,Bajaj Allianz
178,HPSX4000,2023-06-28,Bajaj Allianz
179,KA51MJ2143,2024-09-16,Bajaj Allianz
180,TN66T5836,2027-03-18,ICICI Lombard
181,KL7BZ99,2030-12-24,Reliance General
182,UP16AB3726,2029-08-30,ICICI Lombard
183,MH14DT8832,2025-03-17,ICICI Lombard
184,MH14DT8833,2030-11-12,HDFC Ergo
185,MH14DT8834,2028-06-10,ICICI Lombard
186,MH14DT8836,2027-09-03,Reliance General
187,MH14DT8835,2023-03-05,Bajaj Allianz
188,MH14DT8837,2023-07-17,ICICI Lombard
189,MH14DT8838,2025-08-13,Bajaj Allianz
190,MH14DT8839,2025-05-05,Bajaj Allianz
191,MH14DT8840,2026-12-17,HDFC Ergo
192,MH14DT8841,2027-08-27,Bajaj Allianz
193,MH88DT8842,2027-12-21,Reliance General
194,MH88DT8843,2028-12-28,Reliance General
195,AN01P9687,2027-02-01,ICICI Lombard
196,AN01L6155,2030-11-11,HDFC Ergo
197,AN01H1689,2024-12-20,Bajaj Allianz
198,AN01H0908,2027-09-02,HDFC Ergo
199,AN01K9412,2028-05-10,Bajaj Allianz
200,AP05BY7799,2023-05-04,ICICI Lombard
201,AP39HZ0087,2028-09-03,Bajaj Allianz
202,AP39TP0211,2028-11-22,Reliance General
203,AP31TY7236,2026-05-23,ICICI Lombard
204,AP31BL8656,2023-01-25,ICICI Lombard
205,AP16DP7065,2026-02-22,HDFC Ergo
206,AP39E1493,2030-03-14,Reliance General
207,AP39JJ5441,2027-03-16,Reliance General
208,AP10AS3445,2029-06-19,ICICI Lombard
209,AP28AT5333,2030-12-20,ICICI Lombard
210,AP39GR9492,2024-08-23,Reliance General
211,AP31TR2262,2027-01-05,HDFC Ergo
212,AP16BS4500,2024-06-16,ICICI Lombard
213,AP04M7627,2025-01-10,ICICI Lombard
214,AP04AS8753,2029-01-28,HDFC Ergo
215,AP31AT5064,2026-01-22,Bajaj Allianz
216,AP16CH9545,2027-05-22,ICICI Lombard
217,AP39DL3537,2027-08-21,Bajaj Allianz
218,AP07AD5555,2023-10-29,Reliance General
219,AP26AM1260,2027-07-14,Reliance General
220,AP31BR9501,2026-07-10,HDFC Ergo
221,AP31EF1155,2030-11-06,HDFC Ergo
222,AP31DT9378,2025-03-28,Bajaj Allianz
223,AP31DA0020,2024-01-09,Reliance General
224,AP37EJ2277,2030-05-23,Bajaj Allianz
225,AP05DY3395,2023-01-26,HDFC Ergo
226,AP04BA4464,2025-03-02,HDFC Ergo
227,AP31TV6847,2029-10-01,Bajaj Allianz
228,AP31BG7827,2026-10-21,ICICI Lombard
229,AP31BL4935,2023-06-12,ICICI Lombard
230,AP31BL2833,2028-01-28,ICICI Lombard
231,AP31CS2511,2023-03-12,Reliance General
232,AR048395,2023-12-22,HDFC Ergo
233,AR01F2523,2023-10-13,HDFC Ergo
234,AR01C5723,2024-08-01,ICICI Lombard
235,AR168272,2026-05-03,HDFC Ergo
236,AR02A7116,2024-03-09,ICICI Lombard
237,AR01E1034,2030-12-05,Bajaj Allianz
238,AR152019,2028-05-04,Bajaj Allianz
239,AR01J0123,2030-04-05,Reliance General
240,AR200692,2030-11-28,Reliance General
241,AS23H2866,2024-02-24,Bajaj Allianz
242,AS07AC6653,2026-02-16,Bajaj Allianz
243,AS23E0596,2028-07-08,HDFC Ergo
244,AS23H0770,2029-12-11,ICICI Lombard
245,AS12S6951,2025-09-12,HDFC Ergo
246,AS06Q4437,2028-06-05,ICICI Lombard
247,AS01AM1419,2023-02-25,HDFC Ergo
248,AS04X2780,2028-11-26,ICICI Lombard
249,AS01DG6002,2028-04-04,ICICI Lombard
250,AS01BP2415,2028-05-05,Bajaj Allianz
251,AS01AL3746,2025-12-20,HDFC Ergo
252,AS01AR1986,2026-01-02,ICICI Lombard
253,AS06U1295,2028-05-17,ICICI Lombard
254,AS23X5585,2029-01-20,ICICI Lombard
255,AS01AN8668,2026-08-11,HDFC Ergo
256,AS19D9919,2025-12-27,Reliance General
257,AS23G2612,2029-06-09,HDFC Ergo
258,AS01BS4362,2024-02-27,Bajaj Allianz
259,AS06Z0841,2025-11-25,ICICI Lombard
260,BR06U2470,2030-02-16,HDFC Ergo
261,BR01BE0777,2026-04-21,Reliance General
262,BR7P3952,2024-03-16,ICICI Lombard
263,BR01DG6692,2024-11-05,Bajaj Allianz
264,BR01AM1250,2027-09-06,HDFC Ergo
265,BR32PA6558,2024-07-24,HDFC Ergo
266,BR02AF7424,2027-02-15,Reliance General
267,BR01PL7594,2029-03-27,Reliance General
268,BR01BR5435,2029-07-05,Reliance General
269,BR01BD5042,2028-11-06,HDFC Ergo
270,CG04HD6930,2029-03-28,HDFC Ergo
271,CG04HV7009,2023-10-08,ICICI Lombard
272,CG22AB1111,2024-10-22,ICICI Lombard
273,CG04H5060,2027-01-18,Bajaj Allianz
274,CG04HC4887,2027-03-03,Reliance General
275,CG22H7740,2025-07-17,ICICI Lombard
276,CG12AG1130,2027-09-30,Reliance General
277,CG16B1802,2029-02-05,Bajaj Allianz
278,CG09JA2359,2030-04-08,ICICI Lombard
279,CG07BR3255,2029-07-29,ICICI Lombard
280,CG07MA2529,2030-12-13,HDFC Ergo
281,CG07CA7784,2023-01-14,Bajaj Allianz
282,CG07MA7848,2026-01-25,Reliance General
283,CG251612,2025-06-30,ICICI Lombard
284,CG13AE4060,2026-11-07,Reliance General
285,CH01BL3528,2023-03-17,Bajaj Allianz
286,CH03K7672,2027-11-05,ICICI Lombard
287,CH01AX9090,2029-05-10,Bajaj Allianz
288,CH01AP4538,2023-09-16,Reliance General
289,CH01AZ2642,2026-10-28,ICICI Lombard
290,CH01AL4920,2030-04-06,Bajaj Allianz
291,CH01AD9331,2023-12-09,Reliance General
292,CH01AF1382,2025-02-24,Bajaj Allianz
293,CH01AB4559,2023-02-25,HDFC Ergo
294,DL6CJ8404,2030-08-16,Reliance General
295,DL6CR7002,2024-08-12,Reliance General
296,DL8CAU6883,2027-04-16,HDFC Ergo
297,DL9CAU5573,2023-03-26,Reliance General
298,DL12CN8660,2025-03-04,HDFC Ergo
299,DL4CAM9066,2027-07-09,HDFC Ergo
300,DL12CK8643,2026-03-11,Reliance General
301,DL10CH1252,2029-05-28,Bajaj Allianz
302,DL9AE1359,2025-02-23,HDFC Ergo
303,DL9CAP8884,2024-06-27,ICICI Lombard
304,DL5CH7599,2026-07-22,HDFC Ergo
305,DL12CJ9823,2029-02-03,ICICI Lombard
306,DL9CAU4743,2029-04-20,Bajaj Allianz
307,DL8CZ7230,2024-03-09,Reliance General
308,DL9CAY1739,2028-08-25,ICICI Lombard
309,DL1CS8739,2025-09-24,Reliance General
310,DL1CT2782,2024-12-27,Bajaj Allianz
311,DL12CL2555,2029-04-02,Reliance General
312,DL12CS7886,2023-06-06,HDFC Ergo
313,DL2CAX2886,2025-04-04,HDFC Ergo
314,DL11CA4900,2026-01-06,Reliance General
315,DL10CA0986,2026-02-06,ICICI Lombard
316,DL8CAL4134,2023-01-10,ICICI Lombard
317,DL2CAR0108,2030-08-01,Reliance General
318,DL4CNA7231,2029-07-29,Bajaj Allianz
319,DL3CBS5881,2029-06-22,Reliance General
320,DL4CA03231,2029-04-07,ICICI Lombard
321,DL6CL0457,2026-08-03,ICICI Lombard
322,DN09H2191,2024-10-25,Bajaj Allianz
323,DN09J1548,2029-08-03,Bajaj Allianz
324,DN09H0968,2029-04-21,ICICI Lombard
325,DN09J0032,2030-10-20,Reliance General
326,DN09D2724,2029-11-08,Bajaj Allianz
327,DN09D1438,2023-05-07,Bajaj Allianz
328,DN09C0868,2028-05-26,Bajaj Allianz
329,GA03R9230,2029-10-01,Bajaj Allianz
330,GA08M0184,2024-05-06,Reliance General
331,GA01C2098,2030-09-23,ICICI Lombard
332,GA01E5947,2027-04-03,Reliance General
333,GA02J2129,2023-10-07,HDFC Ergo
334,GA07K7150,2029-02-18,Bajaj Allianz
335,GA05B5077,2023-08-14,HDFC Ergo
336,GA06E3855,2026-06-12,Bajaj Allianz
337,GA01R6315,2027-08-30,Bajaj Allianz
338,GA03Y9512,2023-08-09,ICICI Lombard
339,GA07K6090,2028-11-13,ICICI Lombard
340,GJ7AG4373,2024-03-10,Bajaj Allianz
341,GJ15CB3980,2023-04-26,HDFC Ergo
342,GJ06JE4788,2024-01-16,HDFC Ergo
343,GJ15CG7928,2026-01-28,Bajaj Allianz
344,GJ06FK2977,2027-02-27,Bajaj Allianz
345,GJ34B9811,2025-01-11,Reliance General
346,GJ16CH9827,2027-04-04,Bajaj Allianz
347,GJ05RE8119,2026-09-17,HDFC Ergo
348,GJ06HS1855,2025-12-23,HDFC Ergo
349,GJ06PA0097,2029-07-28,ICICI Lombard
350,GJ06KP8508,2027-01-25,HDFC Ergo
351,GJ06DG9355,2024-05-22,HDFC Ergo
352,GJ01HS1902,2030-12-25,Bajaj Allianz
353,GJ01KC9959,2025-10-19,ICICI Lombard
354,GJ06DQ3712,2023-09-01,Reliance General
355,GJQ1RN4259,2028-09-29,HDFC Ergo
356,GJ12CG2526,2029-07-28,ICICI Lombard
357,GJ01RS0198,2026-12-08,Bajaj Allianz
358,GJ23CC8798,2028-12-22,Reliance General
359,GJ01HM5887,2024-04-30,Bajaj Allianz
360,GJ09AG8384,2027-09-29,HDFC Ergo
361,GJ05JB6589,2028-11-02,ICICI Lombard
362,HP12H1324,2026-12-10,Bajaj Allianz
363,HP16A2014,2024-11-22,ICICI Lombard
364,HP666807,2026-12-27,HDFC Ergo
365,HP01N0304,2023-10-03,Bajaj Allianz
366,HP12C3766,2030-09-19,HDFC Ergo
367,HP719898,2028-07-01,ICICI Lombard
368,HP23A6365,2030-04-28,ICICI Lombard
369,HP52B5958,2030-04-25,Bajaj Allianz
370,HP12H7917,2026-02-23,Bajaj Allianz
371,HP36E3330,2026-11-28,ICICI Lombard
372,HP34C8986,2030-09-21,HDFC Ergo
373,HP38G1539,2028-10-08,Bajaj Allianz
374,HP22E8000,2025-09-06,HDFC Ergo
375,HP20E3953,2030-05-31,ICICI Lombard
376,HP24C8032,2027-07-25,Bajaj Allianz
377,HP54C6564,2024-04-26,HDFC Ergo
378,HP64B3380,2028-07-14,Bajaj Allianz
379,HR26BQ8176,2027-02-01,ICICI Lombard
380,HR71F9259,2025-08-23,Bajaj Allianz
381,HR29W8286,2030-04-04,Reliance General
382,HR10AE9885,2026-03-06,Bajaj Allianz
383,HR26CC7676,2028-08-08,Bajaj Allianz
384,HR26DJ8832,2029-09-24,Bajaj Allianz
385,HR01W0080,2030-03-20,Bajaj Allianz
386,HR20X8432,2024-01-16,Reliance General
387,HR29AS0015,2026-07-21,Reliance General
388,HR26BY4812,2024-12-26,ICICI Lombard
389,HR01H4731,2026-07-15,Reliance General
390,HR51AQ0911,2026-12-24,HDFC Ergo
391,HR51BU8218,2025-02-26,Reliance General
392,HR29K7840,2024-05-31,ICICI Lombard
393,HR56B2626,2027-03-10,HDFC Ergo
394,HR26BK8597,2023-05-18,ICICI Lombard
395,HR26DM2296,2025-04-14,HDFC Ergo
396,HR29AQ4939,2028-04-20,HDFC Ergo
397,HR26EJ7668,2030-02-16,Bajaj Allianz
398,HR09G8378,2023-10-30,ICICI Lombard
399,JH01Z3792,2023-06-25,Bajaj Allianz
400,JH01AM0100,2024-10-08,ICICI Lombard
401,JH01DB1881,2025-06-28,Bajaj Allianz
402,JH02AH0750,2027-05-28,Reliance General
403,JH01BX0013,2030-11-03,Bajaj Allianz
404,JH04C7104,2030-08-31,Reliance General
405,JH01BU9956,2030-12-23,Reliance General
406,JH02AD2533,2029-01-17,Reliance General
407,JH01BC5210,2029-09-04,Reliance General
408,JH01AX5392,2025-06-03,ICICI Lombard
409,JH01AM2354,2028-08-14,HDFC Ergo
410,JH10BV1496,2024-06-23,HDFC Ergo
411,JH08C0625,2024-02-10,Reliance General
412,JH01AR2011,2029-06-13,ICICI Lombard
413,JH05Y9636,2026-11-05,HDFC Ergo
414,JK02BF5058,2028-12-15,Bajaj Allianz
415,JK02BJ7997,2023-08-08,ICICI Lombard
416,JK02BL1212,2027-01-29,Bajaj Allianz
417,JK01M4723,2028-04-22,ICICI Lombard
418,JK05H3594,2023-07-02,Reliance General
419,JK01R8021,2029-06-06,Reliance General
420,JK11B4928,2030-01-08,Bajaj Allianz
421,JK02W2657,2029-09-25,Bajaj Allianz
422,JK02AK8967,2023-02-23,Bajaj Allianz
423,JK03D7750,2025-03-16,HDFC Ergo
424,JK01AD3147,2027-03-31,ICICI Lombard
425,JK01AF7715,2025-09-15,ICICI Lombard
426,JK11D8143,2028-03-04,ICICI Lombard
427,JK02AJ1525,2023-06-21,HDFC Ergo
428,JK09B7745,2030-07-27,HDFC Ergo
429,JK02AS3888,2026-01-28,ICICI Lombard
430,JK11B2360,2026-07-04,Reliance General
431,JK127959,2028-04-10,Reliance General
432,JK01AL4613,2029-02-02,HDFC Ergo
433,JK02CC0447,2028-09-14,Reliance General
434,JK02BN3088,2026-08-26,HDFC Ergo
435,JK02AG2454,2025-02-07,HDFC Ergo
436,JK01AF0310,2028-07-08,Bajaj Allianz
437,JK02AC8876,2026-08-04,Reliance General
438,JK10B2313,2023-06-05,Reliance General
439,JK10A4638,2024-04-22,HDFC Ergo
440,KA03MQ6984,2029-11-26,HDFC Ergo
441,KA05MF1762,2030-10-10,Bajaj Allianz
442,KA06C9590,2027-04-16,ICICI Lombard
443,KA38M8037,2030-05-20,Reliance General
444,KA53P7604,2028-02-06,Bajaj Allianz
445,KA51D9662,2024-05-04,HDFC Ergo
446,KA01MB9714,2023-05-15,Bajaj Allianz
447,KA04MG7528,2024-02-08,Bajaj Allianz
448,KA04MK0368,2024-03-27,Bajaj Allianz
449,KA02MF3336,2023-05-30,Bajaj Allianz
450,KA03NC7167,2030-05-05,ICICI Lombard
451,KA01MG1660,2029-07-09,Bajaj Allianz
452,KA04MK312,2024-12-08,ICICI Lombard
453,KA19MF1763,2025-09-02,Bajaj Allianz
454,KA 1 AG 6740,2028-03-23,Bajaj Allianz
455,SK 91 F 8983,2028-05-19,Reliance General
456,MH 90 F 6683,2025-04-08,Reliance General
457,KA 75 D 2417,2029-04-08,Bajaj Allianz
458,RJ 66 L 8854,2030-11-17,ICICI Lombard
459,HR 47 IK 6283,2029-04-02,ICICI Lombard
460,MP 38 MF 9258,2024-05-31,Bajaj Allianz
461,GA 78 JY 5733,2028-05-21,Reliance General
462,BR 33 C 7849,2028-08-08,Bajaj Allianz
463,UK 49 M 1343,2026-01-14,HDFC Ergo
464,UP 74 I 3319,2029-05-09,ICICI Lombard
465,MP 49 JR 3616,2026-11-21,Reliance General
466,KA 87 I 4504,2023-05-22,HDFC Ergo
467,MP 96 W 6679,2029-03-31,HDFC Ergo
468,MH 7 J 4932,2023-03-03,Bajaj Allianz
469,HP 49 JP 4188,2025-03-04,Reliance General
470,HP 68 FH 3204,2028-08-21,HDFC Ergo
471,PB 71 S 1380,2025-01-25,HDFC Ergo
472,BR 12 Z 4020,2028-05-04,ICICI Lombard
473,AP 98 SS 2627,2024-12-11,ICICI Lombard
474,AN 74 VJ 7317,2025-11-21,Bajaj Allianz
475,MN 63 CZ 3088,2028-06-02,Bajaj Allianz
476,JH 27 WT 2599,2030-04-13,Bajaj Allianz
477,OD 30 UA 3805,2030-01-11,HDFC Ergo
478,JK 59 VG 7943,2024-09-05,HDFC Ergo
479,PB 22 VP 8644,2024-12-08,ICICI Lombard
480,MP 58 AI 9166,2028-02-26,Bajaj Allianz
481,BR 26 V 8597,2025-07-05,Reliance General
482,MZ 38 W 9073,2028-07-16,ICICI Lombard
483,PB 67 GP 8572,2025-09-09,HDFC Ergo
484,KA28M3589,2026-04-30,HDFC Ergo
485,KA25P5080,2028-04-09,Reliance General
486,KL27D9809,2029-11-23,ICICI Lombard
487,KL46A3613,2024-07-26,ICICI Lombard
488,KL07BU7707,2027-07-02,HDFC Ergo
489,KL16U8863,2030-04-28,HDFC Ergo
490,KL45C4411,2024-09-20,Reliance General
491,KL08BJ5001,2026-07-20,HDFC Ergo
492,KL03S6394,2023-12-08,ICICI Lombard
493,KL43G6619,2029-05-03,HDFC Ergo
494,KL43D4444,2024-12-17,Bajaj Allianz
495,KL43D4389,2026-06-24,Reliance General
496,LA020749,2029-06-25,ICICI Lombard
497,MH06AB8629,2023-05-22,Bajaj Allianz
498,MH49AK2798,2030-03-17,Bajaj Allianz
499,MH49AC6244,2024-03-23,Reliance General
500,MH12MF6822,2030-08-06,ICICI Lombard
501,MH47N0712,2028-06-17,ICICI Lombard
502,MH12KY6921,2029-08-14,HDFC Ergo
503,MH02DN7410,2030-05-07,HDFC Ergo
504,MH11CQ8516,2028-04-27,Bajaj Allianz
505,MH36H5700,2024-08-02,Bajaj Allianz
506,MH12NJ5838,2025-01-25,Reliance General
507,MH05BS3471,2024-01-29,Bajaj Allianz
508,MH43X8997,2028-06-13,ICICI Lombard
509,MH05EQ4066,2030-12-14,Reliance General
510,MH12GR862,2028-07-15,Bajaj Allianz
511,MH01BT7906,2023-09-01,Bajaj Allianz
512,MH12HN4507,2028-04-25,Bajaj Allianz
513,MH12KN8366,2025-08-17,Bajaj Allianz
514,MH12KJ7659,2026-12-25,ICICI Lombard
515,MH04DR8508,2028-03-28,HDFC Ergo
516,MH05CH1754,2025-11-13,Reliance General
517,MH49AS5099,2027-01-06,ICICI Lombard
518,MH04HF5092,2030-12-16,Bajaj Allianz
519,MH12FK1392,2027-06-21,HDFC Ergo
520,MH12HF5057,2027-11-05,ICICI Lombard
521,MN05A6028,2027-06-22,HDFC Ergo
522,MN01G0297,2029-06-15,ICICI Lombard
523,MN06LA0861,2029-06-18,Bajaj Allianz
524,MN01G5395,2029-11-12,Bajaj Allianz
525,MN01K5346,2023-11-15,Reliance General
526,MP04CL3546,2030-12-17,HDFC Ergo
527,MP04CL8840,2026-05-19,ICICI Lombard
528,MP65C0654,2026-12-28,Bajaj Allianz
529,MP09CK4943,2025-11-28,Reliance General
530,MP20TA0919,2023-05-29,Bajaj Allianz
531,MP07CA5563,2027-07-30,Bajaj Allianz
532,MP09BD1270,2023-06-09,ICICI Lombard
533,MP09CQ9712,2025-07-22,HDFC Ergo
534,MP08CA6293,2023-05-21,Bajaj Allianz
535,MP07CB8897,2026-04-26,ICICI Lombard
536,MZ01G9825,2029-05-09,ICICI Lombard
537,NL01C8433,2027-06-30,HDFC Ergo
538,NL078440,2023-03-18,Reliance General
539,NL07CA7631,2026-03-30,Bajaj Allianz
540,NL07T0937,2024-07-11,ICICI Lombard
541,NL02C6709,2030-07-18,Reliance General
542,OD02V0007,2029-11-17,Reliance General
543,OD02C2836,2028-11-27,HDFC Ergo
544,OD14E3131,2028-01-28,Reliance General
545,OD33L2616,2027-11-27,HDFC Ergo
546,OD05K6964,2025-08-10,Reliance General
547,OD052323,2024-12-28,HDFC Ergo
548,OD02L4656,2030-03-13,ICICI Lombard
549,OD05Y3787,2024-06-19,Bajaj Allianz
550,OD11P5123,2025-06-04,Reliance General
551,OD02J0435,2026-08-20,HDFC Ergo
552,OD02AP3010,2024-10-09,HDFC Ergo
553,OD021481,2030-06-27,Reliance General
554,OD25F7400,2024-08-27,HDFC Ergo
555,PB11BG7347,2029-03-18,ICICI Lombard
556,PB04S4253,2030-08-19,ICICI Lombard
557,PB07BL8058,2024-02-12,Bajaj Allianz
558,PB13AF6756,2028-06-02,HDFC Ergo
559,PB10DV5354,2029-03-23,Bajaj Allianz
560,PB10CQ0006,2028-11-26,Reliance General
561,PB35F9333,2026-03-31,Bajaj Allianz
562,PB11BN6101,2025-03-22,Reliance General
563,PB08CQ3690,2023-04-23,HDFC Ergo
564,PB07BY3563,2027-03-10,Reliance General
565,PB10EH0164,2026-02-04,Reliance General
566,PB30L5010,2024-04-24,ICICI Lombard
567,PB23S8600,2027-11-30,Reliance General
568,PB08BF6160,2029-05-23,HDFC Ergo
569,PB10CX0209,2029-03-11,Bajaj Allianz
570,PB31R8123,2024-11-17,ICICI Lombard
571,PB37A8269,2030-09-29,ICICI Lombard
572,PB06AN6162,2028-12-10,HDFC Ergo
573,PB02DY7380,2024-09-14,HDFC Ergo
574,PB10CK5005,2030-09-21,HDFC Ergo
575,PB04T0678,2024-05-26,Bajaj Allianz
576,PB65AN2583,2030-09-06,Bajaj Allianz
577,PB10EE0888,2024-04-30,Bajaj Allianz
578,PB08DY4824,2030-03-02,ICICI Lombard
579,PY01Q7947,2029-11-01,HDFC Ergo
580,PY01CM9549,2028-06-11,ICICI Lombard
581,PY01CM5400,2028-06-14,ICICI Lombard
582,PY02S7828,2029-01-01,Reliance General
583,PY01AW2814,2024-12-11,ICICI Lombard
584,PY01AP0555,2026-11-21,Bajaj Allianz
585,PY036993,2025-06-16,ICICI Lombard
586,PY01BD9020,2029-03-19,Bajaj Allianz
587,PY01CE4149,2029-09-25,HDFC Ergo
588,PY01AH9067,2027-05-20,Reliance General
589,PY01CG2929,2026-01-10,HDFC Ergo
590,PY01CY2442,2028-11-30,Reliance General
591,PY05A8339,2024-01-02,Reliance General
592,PY01BU2406,2028-05-29,Bajaj Allianz
593,PY02S9326,2024-11-25,HDFC Ergo
594,RJ14CW4115,2025-07-04,HDFC Ergo
595,RJ20CD5118,2030-05-22,Reliance General
596,RJ14CF5807,2024-08-27,HDFC Ergo
597,RJ23CB2272,2029-08-10,Bajaj Allianz
598,RJ23CB4320,2030-11-01,HDFC Ergo
599,RJ14CM3730,2023-10-02,Reliance General
600,SK01PA2969,2024-02-18,HDFC Ergo
601,SK01T3794,2025-02-18,HDFC Ergo
602,SK01PA7708,2024-06-19,Bajaj Allianz
603,SK01PA4521,2024-04-24,Reliance General
604,SK01PB3596,2026-10-18,ICICI Lombard
605,SK04P1320,2025-08-09,Bajaj Allianz
606,SK02P3471,2024-03-08,ICICI Lombard
607,SK01PA5349,2027-05-11,Reliance General
608,SK01T8791,2023-10-22,HDFC Ergo
609,SK01PB5004,2030-12-17,ICICI Lombard
610,SK02P1078,2024-01-31,HDFC Ergo
611,SK01T3835,2029-06-23,Bajaj Allianz
612,TN63BV7954,2024-06-11,HDFC Ergo
613,TN02AU9295,2027-03-05,Bajaj Allianz
614,TN10AR0131,2030-12-16,HDFC Ergo
615,TN47T4464,2030-06-25,HDFC Ergo
616,TN19F0816,2025-08-03,Bajaj Allianz
617,TN07BT5778,2023-02-23,Reliance General
618,TN07AP0659,2028-09-30,Bajaj Allianz
619,TN19Q0835,2030-05-24,ICICI Lombard
620,TN69AJ4495,2027-07-12,HDFC Ergo
621,TR05B0308,2023-04-15,ICICI Lombard
622,TR03H0259,2024-06-24,HDFC Ergo
623,TR02L0569,2025-07-21,ICICI Lombard
624,TR01N0481,2027-12-17,Bajaj Allianz
625,TR01X0482,2029-08-31,Bajaj Allianz
626,TR01BG0365,2023-03-07,Reliance General
627,TR01E2157,2028-09-29,HDFC Ergo
628,TR01AS0609,2028-10-28,Bajaj Allianz
629,TR07D0569,2023-02-26,ICICI Lombard
630,TS08FQ1262,2029-02-27,HDFC Ergo
631,TS07EL3335,2028-04-10,ICICI Lombard
632,TS09EZ9293,2029-04-19,Reliance General
633,TS09EZ9296,2023-06-17,ICICI Lombard
634,TS09EA4068,2030-12-31,Reliance General
635,TS08EZ9463,2023-11-23,Reliance General
636,TS09EG6565,2024-07-14,ICICI Lombard
637,TS21J8351,2025-11-09,ICICI Lombard
638,TS11EQ2914,2025-11-30,Bajaj Allianz
639,TS08FZ8298,2030-10-15,Bajaj Allianz
640,TS09UA7948,2023-07-15,HDFC Ergo
641,TS15ES0894,2024-01-04,Bajaj Allianz
642,TS36H6578,2026-08-16,Bajaj Allianz
643,TS13EK6213,2027-04-12,HDFC Ergo
644,TS07HM2584,2029-02-05,Bajaj Allianz
645,UK08W2276,2030-07-31,Reliance General
646,UK06CB4595,2025-05-12,Reliance General
647,UP23K0008,2028-05-05,HDFC Ergo
648,UK106679,2027-12-05,Bajaj Allianz
649,UK07AM5665,2026-01-15,Reliance General
650,UK07BK5014,2026-08-21,ICICI Lombard
651,UK07AA2432,2030-11-12,ICICI Lombard
652,UP57H8173,2026-03-22,HDFC Ergo
653,UP85BN4203,2025-04-16,Reliance General
654,UP80FA1666,2025-05-27,Reliance General
655,UP16U3849,2024-02-14,Bajaj Allianz
656,UP32EC5577,2028-05-13,ICICI Lombard
657,UP78DB3730,2025-09-22,HDFC Ergo
658,UP53AK1161,2026-05-12,Bajaj Allianz
659,UP14CV7920,2025-08-03,HDFC Ergo
660,UP16BD4866,2027-02-07,HDFC Ergo
661,UP79L0567,2028-10-25,HDFC Ergo
662,UP32KW7325,2028-06-14,HDFC Ergo
663,UP32CX3400,2027-11-16,ICICI Lombard
664,UP45Q3028,2025-05-14,HDFC Ergo
665,UP14AK8604,2027-08-20,Reliance General
666,UP52AH9705,2030-09-09,HDFC Ergo
667,UP11AY0646,2030-06-29,Bajaj Allianz
668,UP78ED0449,2029-03-27,ICICI Lombard
669,UP27Z7322,2026-07-06,Bajaj Allianz
670,UP32BF3577,2024-07-28,ICICI Lombard
671,UP14AX9754,2027-10-10,ICICI Lombard
672,UP32HY6077,2027-04-23,Bajaj Allianz
673,UP14AF3804,2023-10-12,Reliance General
674,WB26T6688,2026-06-10,ICICI Lombard
675,WB02M8447,2023-09-11,HDFC Ergo
676,WB70G3763,2030-05-08,ICICI Lombard
677,WB02X8795,2025-04-13,Bajaj Allianz
678,WB06G4120,2023-06-26,Bajaj Allianz
679,WB02AH4655,2026-02-21,Bajaj Allianz
680,WB06J4432,2025-11-18,ICICI Lombard
681,WB02AA5580,2028-06-16,Bajaj Allianz
682,WB08A4101,2026-05-11,HDFC Ergo
683,WB26S5093,2023-02-24,ICICI Lombard
684,WB36G6682,2026-05-19,Reliance General
685,WB12AX2987,2024-02-11,Reliance General
686,WB06J9177,2028-12-23,ICICI Lombard
687,WB02AJ4534,2025-08-05,Bajaj Allianz
688,WB06J2192,2026-10-20,ICICI Lombard
689,WB061061,2026-08-18,ICICI Lombard
690,WB02W9535,2030-04-12,ICICI Lombard
691,WB20H0271,2023-11-09,HDFC Ergo
692,WB20AG9041,2026-04-16,ICICI Lombard
693,WB06H2237,2026-09-29,HDFC Ergo
694,WB02AD3017,2023-02-18,Reliance General
695,WB02AD4162,2025-07-26,HDFC Ergo
696,WB02AM8548,2025-06-16,Bajaj Allianz
697,MH01BT0050,2029-09-06,ICICI Lombard
698,MH03BC6247,2023-02-04,ICICI Lombard
699,MH02CD7733,2030-09-02,HDFC Ergo
700,MH04CT3566,2023-10-29,Bajaj Allianz
701,MH02EE6842,2030-12-29,ICICI Lombard
702,MH03AM3025,2026-06-15,Bajaj Allianz
703,MH01BG7161,2028-12-26,HDFC Ergo
704,MH47Q5851,2025-05-28,ICICI Lombard
705,MH47AZ8323,2027-07-06,HDFC Ergo
706,MH02EH1077,2024-11-01,ICICI Lombard
707,MH02CR8276,2026-04-04,HDFC Ergo
708,MH01BT9066,2030-09-19,Bajaj Allianz
709,MH01DT1917,2028-09-25,Bajaj Allianz
710,MH02FN2783,2029-11-09,Bajaj Allianz
711,MH02EK0837,2025-10-01,HDFC Ergo
712,DL3CCQ0107,2029-08-18,Bajaj Allianz
713,MH01AU0059,2030-12-25,Bajaj Allianz
714,MH05EJ3005,2026-05-03,ICICI Lombard
715,MH03DV2010,2029-03-08,HDFC Ergo
716,MH05DS8679,2030-11-03,HDFC Ergo
717,GJ15CD0564,2030-10-25,ICICI Lombard
718,MH43BK9513,2026-02-16,Bajaj Allianz
719,MH47Y1124,2030-06-13,ICICI Lombard
720,MH01DB1477,2027-04-16,Reliance General
721,MH12RT1105,2024-05-16,Reliance General
722,TN21AT0479,2029-11-16,ICICI Lombard
723,KA51MJ8156,2024-07-19,ICICI Lombard
724,DL6CN6683,2026-03-30,Bajaj Allianz
725,MH0AE8017,2027-05-23,ICICI Lombard
726,GJ03JL0126,2030-05-12,HDFC Ergo
727,HR26BC5514,2028-09-13,Bajaj Allianz
728,HR26CE1485,2029-03-01,Bajaj Allianz
729,KA03MG2784,2028-10-02,HDFC Ergo
730,KA51M8156,2023-08-16,Reliance General
731,KL54A2670,2026-12-16,Bajaj Allianz
732,MH12NE8922,2023-01-14,Reliance General
733,MH14DX9937,2029-06-23,ICICI Lombard
734,MH15BD8877,2027-10-17,ICICI Lombard
735,MH20BQ20,2024-02-18,Bajaj Allianz
736,MH20EJ0364,2024-06-15,HDFC Ergo
737,MH43BU2401,2026-06-10,Bajaj Allianz
738,MH46BV0688,2026-07-17,Bajaj Allianz
739,TN19S4523,2027-08-10,Reliance General
740,TN21BZ0768,2030-09-03,ICICI Lombard
741,DL6J8404,2024-03-16,Reliance General
742,HP48B2252,2029-01-04,Bajaj Allianz
743,MH02BR4503,2027-07-30,ICICI Lombard
744,MH02BJ2456,2026-01-23,Reliance General
745,MH02DN8718,2030-09-08,Bajaj Allianz
746,MH02TU4884,2023-06-27,HDFC Ergo
747,MH02EK4399,2030-03-09,ICICI Lombard
748,MH01CP2655,2030-05-11,Bajaj Allianz
749,UP40AF3804,2025-08-14,Bajaj Allianz
750,HP40B8992,2026-02-01,ICICI Lombard
751,KA51MW0329,2026-10-12,Reliance General
752,KA51MV6980,2030-11-07,Reliance General
753,KA01AE0381,2026-08-27,ICICI Lombard
754,DL7CD5017,2027-08-30,Reliance General
755,DL3CBJ1384,2024-01-09,Bajaj Allianz
756,DL2CAT4762,2024-03-24,HDFC Ergo
757,HR26CO6869,2025-10-26,Bajaj Allianz
758,MH03BS4060,2030-04-23,ICICI Lombard
759,MH03CB0229,2026-11-22,Reliance General
760,MH03AR7140,2029-07-29,ICICI Lombard
761,MH03DK2961,2027-09-25,HDFC Ergo
762,MH03AF1911,2027-07-01,ICICI Lombard
763,MH04JM3383,2029-06-27,Reliance General
764,MH01DB2561,2027-06-22,ICICI Lombard
765,MH03DU5196,2024-11-02,HDFC Ergo
766,MH01DK4867,2025-04-09,Bajaj Allianz
767,MH02MA5324,2030-02-24,HDFC Ergo
768,MH01AX3070,2030-10-18,Reliance General
769,MH02BG9542,2029-12-09,Reliance General
770,WB26K2760,2026-04-20,HDFC Ergo
771,MH02FD6534,2027-07-24,Reliance General
